{
  "name": "Österr. Erste Liga 2017/18",
  "clubs": [
    {
      "key": "ried",
      "name": "SV Ried",
      "code": "RIE"
    },
    {
      "key": "wrneustadt",
      "name": "SC Wiener Neustadt",
      "code": "WRN"
    },
    {
      "key": "innsbruck",
      "name": "FC Wacker Innsbruck",
      "code": "FCW"
    },
    {
      "key": "alustenau",
      "name": "SC Austria Lustenau",
      "code": "ALU"
    },
    {
      "key": "ksv",
      "name": "Kapfenberger SV",
      "code": "KSV"
    },
    {
      "key": "liefering",
      "name": "FC Liefering",
      "code": "FCL"
    },
    {
      "key": "fac",
      "name": "Floridsdorfer AC",
      "code": "FAC"
    },
    {
      "key": "linz",
      "name": "FC Blau-Weiß Linz",
      "code": "BWL"
    },
    {
      "key": "hartberg",
      "name": "TSV Hartberg",
      "code": "HTB"
    },
    {
      "key": "wattens",
      "name": "WSG Wattens",
      "code": "WAT"
    }
  ]
}