{
  "name": "Champions League (Europe) 2017/18",
  "groups": [
    {
      "name": "Group A",
      "teams": [
        {
          "key": "benfica",
          "name": "Benfica",
          "code": null,
          "country": {
            "key": "pt",
            "name": "Portugal"
          }
        },
        {
          "key": "cskamoskva",
          "name": "CSKA Moskva",
          "code": null,
          "country": {
            "key": "ru",
            "name": "Russia"
          }
        },
        {
          "key": "manutd",
          "name": "Manchester United",
          "code": "MUN",
          "country": {
            "key": "eng",
            "name": "England"
          }
        },
        {
          "key": "basel",
          "name": "FC Basel 1893",
          "code": "BAS",
          "country": {
            "key": "ch",
            "name": "Switzerland"
          }
        }
      ]
    },
    {
      "name": "Group B",
      "teams": [
        {
          "key": "anderlecht",
          "name": "Anderlecht",
          "code": null,
          "country": {
            "key": "be",
            "name": "Belgium"
          }
        },
        {
          "key": "celtic",
          "name": "Celtic",
          "code": "CEL",
          "country": {
            "key": "sco",
            "name": "Scotland"
          }
        },
        {
          "key": "bayern",
          "name": "FC Bayern München",
          "code": "FCB",
          "country": {
            "key": "de",
            "name": "Germany"
          }
        },
        {
          "key": "paris",
          "name": "Paris SG",
          "code": "PSG",
          "country": {
            "key": "fr",
            "name": "France"
          }
        }
      ]
    },
    {
      "name": "Group C",
      "teams": [
        {
          "key": "qarabag",
          "name": "Qarabağ FK",
          "code": null,
          "country": {
            "key": "az",
            "name": "Azerbaijan"
          }
        },
        {
          "key": "chelsea",
          "name": "Chelsea",
          "code": "CHE",
          "country": {
            "key": "eng",
            "name": "England"
          }
        },
        {
          "key": "atletico",
          "name": "Atlético",
          "code": "ATL",
          "country": {
            "key": "es",
            "name": "Spain"
          }
        },
        {
          "key": "roma",
          "name": "Roma",
          "code": "ROM",
          "country": {
            "key": "it",
            "name": "Italy"
          }
        }
      ]
    },
    {
      "name": "Group D",
      "teams": [
        {
          "key": "sportinglisboa",
          "name": "Sporting Lisboa",
          "code": null,
          "country": {
            "key": "pt",
            "name": "Portugal"
          }
        },
        {
          "key": "olympiacos",
          "name": "Olympiakos Piräus",
          "code": null,
          "country": {
            "key": "gr",
            "name": "Greece"
          }
        },
        {
          "key": "barcelonaguayaquil",
          "name": "Barcelona",
          "code": null,
          "country": {
            "key": "ec",
            "name": "Ecuador"
          }
        },
        {
          "key": "juventus",
          "name": "Juventus",
          "code": "JUV",
          "country": {
            "key": "it",
            "name": "Italy"
          }
        }
      ]
    },
    {
      "name": "Group E",
      "teams": [
        {
          "key": "spartak",
          "name": "Spartak",
          "code": null,
          "country": {
            "key": "ru",
            "name": "Russia"
          }
        },
        {
          "key": "maribor",
          "name": "Maribor",
          "code": null,
          "country": {
            "key": "si",
            "name": "Slovenia"
          }
        },
        {
          "key": "liverpoolmontevideo",
          "name": "Liverpool",
          "code": null,
          "country": {
            "key": "uy",
            "name": "Uruguay"
          }
        },
        {
          "key": "sevilla",
          "name": "Sevilla",
          "code": "SEV",
          "country": {
            "key": "es",
            "name": "Spain"
          }
        }
      ]
    },
    {
      "name": "Group F",
      "teams": [
        {
          "key": "feyenoord",
          "name": "Feyenoord",
          "code": null,
          "country": {
            "key": "nl",
            "name": "Netherlands"
          }
        },
        {
          "key": "donezk",
          "name": "Shakhtar Donetsk",
          "code": null,
          "country": {
            "key": "ua",
            "name": "Ukraine"
          }
        },
        {
          "key": "mancity",
          "name": "Manchester City",
          "code": "MCI",
          "country": {
            "key": "eng",
            "name": "England"
          }
        },
        {
          "key": "napoli",
          "name": "Napoli",
          "code": "NAP",
          "country": {
            "key": "it",
            "name": "Italy"
          }
        }
      ]
    },
    {
      "name": "Group G",
      "teams": [
        {
          "key": "porto",
          "name": "Porto",
          "code": null,
          "country": {
            "key": "pt",
            "name": "Portugal"
          }
        },
        {
          "key": "besiktas",
          "name": "Beşiktaş JK",
          "code": null,
          "country": {
            "key": "tr",
            "name": "Turkey"
          }
        },
        {
          "key": "leipzig",
          "name": "RB Leipzig",
          "code": "RBL",
          "country": {
            "key": "de",
            "name": "Germany"
          }
        },
        {
          "key": "monaco",
          "name": "AS Monaco",
          "code": "ASM",
          "country": {
            "key": "mc",
            "name": "Monaco"
          }
        }
      ]
    },
    {
      "name": "Group H",
      "teams": [
        {
          "key": "apoel",
          "name": "APOEL",
          "code": null,
          "country": {
            "key": "cy",
            "name": "Cyprus"
          }
        },
        {
          "key": "dortmund",
          "name": "Borussia Dortmund",
          "code": "BVB",
          "country": {
            "key": "de",
            "name": "Germany"
          }
        },
        {
          "key": "tottenham",
          "name": "Tottenham Hotspur",
          "code": "TOT",
          "country": {
            "key": "eng",
            "name": "England"
          }
        },
        {
          "key": "madrid",
          "name": "R. Madrid",
          "code": "RMD",
          "country": {
            "key": "es",
            "name": "Spain"
          }
        }
      ]
    }
  ]
}