{
  "name": "Deutsche Bundesliga 2017/18",
  "clubs": [
    {
      "key": "bayern",
      "name": "FC Bayern München",
      "code": "FCB"
    },
    {
      "key": "dortmund",
      "name": "Borussia Dortmund",
      "code": "BVB"
    },
    {
      "key": "leverkusen",
      "name": "Bayer 04 Leverkusen",
      "code": "B04"
    },
    {
      "key": "schalke",
      "name": "Schalke 04",
      "code": "S04"
    },
    {
      "key": "frankfurt",
      "name": "Eintracht Frankfurt",
      "code": "FFM"
    },
    {
      "key": "hsv",
      "name": "Hamburger SV",
      "code": "HSV"
    },
    {
      "key": "mgladbach",
      "name": "Borussia M'gladbach",
      "code": "BMG"
    },
    {
      "key": "hannover",
      "name": "Hannover 96",
      "code": "H96"
    },
    {
      "key": "wolfsburg",
      "name": "VfL Wolfsburg",
      "code": "WOB"
    },
    {
      "key": "mainz",
      "name": "1. FSV Mainz 05",
      "code": "M05"
    },
    {
      "key": "bremen",
      "name": "Werder Bremen",
      "code": "BRE"
    },
    {
      "key": "hoffenheim",
      "name": "1899 Hoffenheim",
      "code": "HOF"
    },
    {
      "key": "stuttgart",
      "name": "VfB Stuttgart",
      "code": "VFB"
    },
    {
      "key": "augsburg",
      "name": "FC Augsburg",
      "code": "FCA"
    },
    {
      "key": "herthabsc",
      "name": "Hertha BSC",
      "code": "BSC"
    },
    {
      "key": "koeln",
      "name": "1. FC Köln",
      "code": "KOE"
    },
    {
      "key": "freiburg",
      "name": "SC Freiburg",
      "code": "SCF"
    },
    {
      "key": "leipzig",
      "name": "RB Leipzig",
      "code": "RBL"
    }
  ]
}