{
  "name": "Deutsche 2. Bundesliga 2012/13",
  "clubs": [
    {
      "key": "herthabsc",
      "name": "Hertha BSC",
      "code": "BSC"
    },
    {
      "key": "koeln",
      "name": "1. FC Köln",
      "code": "KOE"
    },
    {
      "key": "ingolstadt",
      "name": "FC Ingolstadt 04",
      "code": "FCI"
    },
    {
      "key": "paderborn",
      "name": "SC Paderborn 07",
      "code": "SCP"
    },
    {
      "key": "braunschweig",
      "name": "Eintr. Braunschweig",
      "code": "EBS"
    },
    {
      "key": "klautern",
      "name": "1. FC Kaiserslautern",
      "code": "FCK"
    },
    {
      "key": "fsvfrankfurt",
      "name": "FSV Frankfurt",
      "code": "FSV"
    },
    {
      "key": "tsvmuenchen",
      "name": "1860 München",
      "code": "M60"
    },
    {
      "key": "unionberlin",
      "name": "Union Berlin",
      "code": "FCU"
    },
    {
      "key": "bochum",
      "name": "VfL Bochum",
      "code": "BOC"
    },
    {
      "key": "stpauli",
      "name": "FC St. Pauli",
      "code": "STP"
    },
    {
      "key": "sandhausen",
      "name": "SV Sandhausen",
      "code": "SAN"
    },
    {
      "key": "duisburg",
      "name": "MSV Duisburg",
      "code": "MSV"
    },
    {
      "key": "cottbus",
      "name": "Energie Cottbus",
      "code": "FCE"
    },
    {
      "key": "aalen",
      "name": "VfR Aalen",
      "code": "AAL"
    },
    {
      "key": "regensburg",
      "name": "Jahn Regensburg",
      "code": "REG"
    },
    {
      "key": "aue",
      "name": "Erzgebirge Aue",
      "code": "AUE"
    },
    {
      "key": "dresden",
      "name": "Dynamo Dresden",
      "code": "SGD"
    }
  ]
}