{
  "name": "Österr. Bundesliga 2016/17",
  "rounds": [
    {
      "name": "Runde 1",
      "matches": [
        {
          "date": "2016-07-23",
          "team1": {
            "key": "rapid",
            "name": "SK Rapid Wien",
            "code": "RAP"
          },
          "team2": {
            "key": "ried",
            "name": "SV Ried",
            "code": "RIE"
          },
          "score1": 5,
          "score2": 0
        },
        {
          "date": "2016-07-23",
          "team1": {
            "key": "sturm",
            "name": "SK Sturm Graz",
            "code": "STU"
          },
          "team2": {
            "key": "salzburg",
            "name": "FC RB Salzburg",
            "code": "RBS"
          },
          "score1": 3,
          "score2": 1
        },
        {
          "date": "2016-07-23",
          "team1": {
            "key": "altach",
            "name": "SCR Altach",
            "code": "ALT"
          },
          "team2": {
            "key": "wac",
            "name": "Wolfsberger AC",
            "code": "WAC"
          },
          "score1": 1,
          "score2": 0
        },
        {
          "date": "2016-07-24",
          "team1": {
            "key": "stpoelten",
            "name": "SKN St. Pölten",
            "code": "SKN"
          },
          "team2": {
            "key": "austria",
            "name": "FK Austria Wien",
            "code": "AUS"
          },
          "score1": 1,
          "score2": 2
        },
        {
          "date": "2016-07-24",
          "team1": {
            "key": "mattersburg",
            "name": "SV Mattersburg",
            "code": "MAT"
          },
          "team2": {
            "key": "admira",
            "name": "FC Admira Wacker",
            "code": "ADM"
          },
          "score1": 0,
          "score2": 1
        }
      ]
    },
    {
      "name": "Runde 2",
      "matches": [
        {
          "date": "2016-07-30",
          "team1": {
            "key": "salzburg",
            "name": "FC RB Salzburg",
            "code": "RBS"
          },
          "team2": {
            "key": "wac",
            "name": "Wolfsberger AC",
            "code": "WAC"
          },
          "score1": 1,
          "score2": 1
        },
        {
          "date": "2016-07-30",
          "team1": {
            "key": "ried",
            "name": "SV Ried",
            "code": "RIE"
          },
          "team2": {
            "key": "sturm",
            "name": "SK Sturm Graz",
            "code": "STU"
          },
          "score1": 1,
          "score2": 0
        },
        {
          "date": "2016-07-31",
          "team1": {
            "key": "austria",
            "name": "FK Austria Wien",
            "code": "AUS"
          },
          "team2": {
            "key": "mattersburg",
            "name": "SV Mattersburg",
            "code": "MAT"
          },
          "score1": 3,
          "score2": 1
        },
        {
          "date": "2016-07-31",
          "team1": {
            "key": "altach",
            "name": "SCR Altach",
            "code": "ALT"
          },
          "team2": {
            "key": "rapid",
            "name": "SK Rapid Wien",
            "code": "RAP"
          },
          "score1": 1,
          "score2": 0
        },
        {
          "date": "2016-07-31",
          "team1": {
            "key": "stpoelten",
            "name": "SKN St. Pölten",
            "code": "SKN"
          },
          "team2": {
            "key": "admira",
            "name": "FC Admira Wacker",
            "code": "ADM"
          },
          "score1": 2,
          "score2": 1
        }
      ]
    },
    {
      "name": "Runde 3",
      "matches": [
        {
          "date": "2016-08-06",
          "team1": {
            "key": "mattersburg",
            "name": "SV Mattersburg",
            "code": "MAT"
          },
          "team2": {
            "key": "sturm",
            "name": "SK Sturm Graz",
            "code": "STU"
          },
          "score1": 0,
          "score2": 2
        },
        {
          "date": "2016-08-06",
          "team1": {
            "key": "salzburg",
            "name": "FC RB Salzburg",
            "code": "RBS"
          },
          "team2": {
            "key": "stpoelten",
            "name": "SKN St. Pölten",
            "code": "SKN"
          },
          "score1": 2,
          "score2": 0
        },
        {
          "date": "2016-08-06",
          "team1": {
            "key": "admira",
            "name": "FC Admira Wacker",
            "code": "ADM"
          },
          "team2": {
            "key": "altach",
            "name": "SCR Altach",
            "code": "ALT"
          },
          "score1": 1,
          "score2": 2
        },
        {
          "date": "2016-08-06",
          "team1": {
            "key": "wac",
            "name": "Wolfsberger AC",
            "code": "WAC"
          },
          "team2": {
            "key": "ried",
            "name": "SV Ried",
            "code": "RIE"
          },
          "score1": 1,
          "score2": 0
        },
        {
          "date": "2016-08-07",
          "team1": {
            "key": "austria",
            "name": "FK Austria Wien",
            "code": "AUS"
          },
          "team2": {
            "key": "rapid",
            "name": "SK Rapid Wien",
            "code": "RAP"
          },
          "score1": 1,
          "score2": 4
        }
      ]
    },
    {
      "name": "Runde 4",
      "matches": [
        {
          "date": "2016-08-13",
          "team1": {
            "key": "ried",
            "name": "SV Ried",
            "code": "RIE"
          },
          "team2": {
            "key": "salzburg",
            "name": "FC RB Salzburg",
            "code": "RBS"
          },
          "score1": 0,
          "score2": 2
        },
        {
          "date": "2016-08-13",
          "team1": {
            "key": "rapid",
            "name": "SK Rapid Wien",
            "code": "RAP"
          },
          "team2": {
            "key": "admira",
            "name": "FC Admira Wacker",
            "code": "ADM"
          },
          "score1": 4,
          "score2": 0
        },
        {
          "date": "2016-08-13",
          "team1": {
            "key": "altach",
            "name": "SCR Altach",
            "code": "ALT"
          },
          "team2": {
            "key": "stpoelten",
            "name": "SKN St. Pölten",
            "code": "SKN"
          },
          "score1": 3,
          "score2": 1
        },
        {
          "date": "2016-08-13",
          "team1": {
            "key": "mattersburg",
            "name": "SV Mattersburg",
            "code": "MAT"
          },
          "team2": {
            "key": "wac",
            "name": "Wolfsberger AC",
            "code": "WAC"
          },
          "score1": 3,
          "score2": 1
        },
        {
          "date": "2016-08-14",
          "team1": {
            "key": "sturm",
            "name": "SK Sturm Graz",
            "code": "STU"
          },
          "team2": {
            "key": "austria",
            "name": "FK Austria Wien",
            "code": "AUS"
          },
          "score1": 3,
          "score2": 1
        }
      ]
    },
    {
      "name": "Runde 5",
      "matches": [
        {
          "date": "2016-08-20",
          "team1": {
            "key": "stpoelten",
            "name": "SKN St. Pölten",
            "code": "SKN"
          },
          "team2": {
            "key": "sturm",
            "name": "SK Sturm Graz",
            "code": "STU"
          },
          "score1": 1,
          "score2": 3
        },
        {
          "date": "2016-08-20",
          "team1": {
            "key": "salzburg",
            "name": "FC RB Salzburg",
            "code": "RBS"
          },
          "team2": {
            "key": "mattersburg",
            "name": "SV Mattersburg",
            "code": "MAT"
          },
          "score1": 3,
          "score2": 1
        },
        {
          "date": "2016-08-20",
          "team1": {
            "key": "admira",
            "name": "FC Admira Wacker",
            "code": "ADM"
          },
          "team2": {
            "key": "ried",
            "name": "SV Ried",
            "code": "RIE"
          },
          "score1": 1,
          "score2": 0
        },
        {
          "date": "2016-08-21",
          "team1": {
            "key": "wac",
            "name": "Wolfsberger AC",
            "code": "WAC"
          },
          "team2": {
            "key": "rapid",
            "name": "SK Rapid Wien",
            "code": "RAP"
          },
          "score1": 1,
          "score2": 1
        },
        {
          "date": "2016-08-21",
          "team1": {
            "key": "austria",
            "name": "FK Austria Wien",
            "code": "AUS"
          },
          "team2": {
            "key": "altach",
            "name": "SCR Altach",
            "code": "ALT"
          },
          "score1": 3,
          "score2": 1
        }
      ]
    },
    {
      "name": "Runde 6",
      "matches": [
        {
          "date": "2016-08-27",
          "team1": {
            "key": "sturm",
            "name": "SK Sturm Graz",
            "code": "STU"
          },
          "team2": {
            "key": "altach",
            "name": "SCR Altach",
            "code": "ALT"
          },
          "score1": 3,
          "score2": 1
        },
        {
          "date": "2016-08-27",
          "team1": {
            "key": "wac",
            "name": "Wolfsberger AC",
            "code": "WAC"
          },
          "team2": {
            "key": "admira",
            "name": "FC Admira Wacker",
            "code": "ADM"
          },
          "score1": 5,
          "score2": 0
        },
        {
          "date": "2016-08-27",
          "team1": {
            "key": "mattersburg",
            "name": "SV Mattersburg",
            "code": "MAT"
          },
          "team2": {
            "key": "stpoelten",
            "name": "SKN St. Pölten",
            "code": "SKN"
          },
          "score1": 1,
          "score2": 1
        },
        {
          "date": "2016-08-28",
          "team1": {
            "key": "rapid",
            "name": "SK Rapid Wien",
            "code": "RAP"
          },
          "team2": {
            "key": "salzburg",
            "name": "FC RB Salzburg",
            "code": "RBS"
          },
          "score1": 0,
          "score2": 0
        },
        {
          "date": "2016-08-28",
          "team1": {
            "key": "ried",
            "name": "SV Ried",
            "code": "RIE"
          },
          "team2": {
            "key": "austria",
            "name": "FK Austria Wien",
            "code": "AUS"
          },
          "score1": 1,
          "score2": 1
        }
      ]
    },
    {
      "name": "Runde 7",
      "matches": [
        {
          "date": "2016-09-10",
          "team1": {
            "key": "sturm",
            "name": "SK Sturm Graz",
            "code": "STU"
          },
          "team2": {
            "key": "rapid",
            "name": "SK Rapid Wien",
            "code": "RAP"
          },
          "score1": 1,
          "score2": 1
        },
        {
          "date": "2016-09-10",
          "team1": {
            "key": "austria",
            "name": "FK Austria Wien",
            "code": "AUS"
          },
          "team2": {
            "key": "wac",
            "name": "Wolfsberger AC",
            "code": "WAC"
          },
          "score1": 4,
          "score2": 1
        },
        {
          "date": "2016-09-10",
          "team1": {
            "key": "altach",
            "name": "SCR Altach",
            "code": "ALT"
          },
          "team2": {
            "key": "mattersburg",
            "name": "SV Mattersburg",
            "code": "MAT"
          },
          "score1": 2,
          "score2": 1
        },
        {
          "date": "2016-09-10",
          "team1": {
            "key": "stpoelten",
            "name": "SKN St. Pölten",
            "code": "SKN"
          },
          "team2": {
            "key": "ried",
            "name": "SV Ried",
            "code": "RIE"
          },
          "score1": 2,
          "score2": 3
        },
        {
          "date": "2016-09-11",
          "team1": {
            "key": "admira",
            "name": "FC Admira Wacker",
            "code": "ADM"
          },
          "team2": {
            "key": "salzburg",
            "name": "FC RB Salzburg",
            "code": "RBS"
          },
          "score1": 0,
          "score2": 4
        }
      ]
    },
    {
      "name": "Runde 8",
      "matches": [
        {
          "date": "2016-09-17",
          "team1": {
            "key": "ried",
            "name": "SV Ried",
            "code": "RIE"
          },
          "team2": {
            "key": "altach",
            "name": "SCR Altach",
            "code": "ALT"
          },
          "score1": 2,
          "score2": 1
        },
        {
          "date": "2016-09-17",
          "team1": {
            "key": "admira",
            "name": "FC Admira Wacker",
            "code": "ADM"
          },
          "team2": {
            "key": "sturm",
            "name": "SK Sturm Graz",
            "code": "STU"
          },
          "score1": 0,
          "score2": 3
        },
        {
          "date": "2016-09-17",
          "team1": {
            "key": "wac",
            "name": "Wolfsberger AC",
            "code": "WAC"
          },
          "team2": {
            "key": "stpoelten",
            "name": "SKN St. Pölten",
            "code": "SKN"
          },
          "score1": 1,
          "score2": 1
        },
        {
          "date": "2016-09-18",
          "team1": {
            "key": "salzburg",
            "name": "FC RB Salzburg",
            "code": "RBS"
          },
          "team2": {
            "key": "austria",
            "name": "FK Austria Wien",
            "code": "AUS"
          },
          "score1": 4,
          "score2": 1
        },
        {
          "date": "2016-09-18",
          "team1": {
            "key": "rapid",
            "name": "SK Rapid Wien",
            "code": "RAP"
          },
          "team2": {
            "key": "mattersburg",
            "name": "SV Mattersburg",
            "code": "MAT"
          },
          "score1": 3,
          "score2": 0
        }
      ]
    },
    {
      "name": "Runde 9",
      "matches": [
        {
          "date": "2016-09-24",
          "team1": {
            "key": "stpoelten",
            "name": "SKN St. Pölten",
            "code": "SKN"
          },
          "team2": {
            "key": "rapid",
            "name": "SK Rapid Wien",
            "code": "RAP"
          },
          "score1": 1,
          "score2": 1
        },
        {
          "date": "2016-09-24",
          "team1": {
            "key": "austria",
            "name": "FK Austria Wien",
            "code": "AUS"
          },
          "team2": {
            "key": "admira",
            "name": "FC Admira Wacker",
            "code": "ADM"
          },
          "score1": 1,
          "score2": 2
        },
        {
          "date": "2016-09-24",
          "team1": {
            "key": "sturm",
            "name": "SK Sturm Graz",
            "code": "STU"
          },
          "team2": {
            "key": "wac",
            "name": "Wolfsberger AC",
            "code": "WAC"
          },
          "score1": 3,
          "score2": 0
        },
        {
          "date": "2016-09-24",
          "team1": {
            "key": "mattersburg",
            "name": "SV Mattersburg",
            "code": "MAT"
          },
          "team2": {
            "key": "ried",
            "name": "SV Ried",
            "code": "RIE"
          },
          "score1": 1,
          "score2": 1
        },
        {
          "date": "2016-09-25",
          "team1": {
            "key": "altach",
            "name": "SCR Altach",
            "code": "ALT"
          },
          "team2": {
            "key": "salzburg",
            "name": "FC RB Salzburg",
            "code": "RBS"
          },
          "score1": 0,
          "score2": 0
        }
      ]
    },
    {
      "name": "Runde 10",
      "matches": [
        {
          "date": "2016-10-01",
          "team1": {
            "key": "wac",
            "name": "Wolfsberger AC",
            "code": "WAC"
          },
          "team2": {
            "key": "altach",
            "name": "SCR Altach",
            "code": "ALT"
          },
          "score1": 1,
          "score2": 2
        },
        {
          "date": "2016-10-01",
          "team1": {
            "key": "admira",
            "name": "FC Admira Wacker",
            "code": "ADM"
          },
          "team2": {
            "key": "mattersburg",
            "name": "SV Mattersburg",
            "code": "MAT"
          },
          "score1": 1,
          "score2": 0
        },
        {
          "date": "2016-10-02",
          "team1": {
            "key": "salzburg",
            "name": "FC RB Salzburg",
            "code": "RBS"
          },
          "team2": {
            "key": "sturm",
            "name": "SK Sturm Graz",
            "code": "STU"
          },
          "score1": 0,
          "score2": 1
        },
        {
          "date": "2016-10-02",
          "team1": {
            "key": "ried",
            "name": "SV Ried",
            "code": "RIE"
          },
          "team2": {
            "key": "rapid",
            "name": "SK Rapid Wien",
            "code": "RAP"
          },
          "score1": 4,
          "score2": 2
        },
        {
          "date": "2016-10-02",
          "team1": {
            "key": "austria",
            "name": "FK Austria Wien",
            "code": "AUS"
          },
          "team2": {
            "key": "stpoelten",
            "name": "SKN St. Pölten",
            "code": "SKN"
          },
          "score1": 2,
          "score2": 1
        }
      ]
    },
    {
      "name": "Runde 11",
      "matches": [
        {
          "date": "2016-10-15",
          "team1": {
            "key": "wac",
            "name": "Wolfsberger AC",
            "code": "WAC"
          },
          "team2": {
            "key": "salzburg",
            "name": "FC RB Salzburg",
            "code": "RBS"
          },
          "score1": 2,
          "score2": 2
        },
        {
          "date": "2016-10-15",
          "team1": {
            "key": "rapid",
            "name": "SK Rapid Wien",
            "code": "RAP"
          },
          "team2": {
            "key": "altach",
            "name": "SCR Altach",
            "code": "ALT"
          },
          "score1": 1,
          "score2": 1
        },
        {
          "date": "2016-10-15",
          "team1": {
            "key": "admira",
            "name": "FC Admira Wacker",
            "code": "ADM"
          },
          "team2": {
            "key": "stpoelten",
            "name": "SKN St. Pölten",
            "code": "SKN"
          },
          "score1": 1,
          "score2": 1
        },
        {
          "date": "2016-10-15",
          "team1": {
            "key": "sturm",
            "name": "SK Sturm Graz",
            "code": "STU"
          },
          "team2": {
            "key": "ried",
            "name": "SV Ried",
            "code": "RIE"
          },
          "score1": 1,
          "score2": 0
        },
        {
          "date": "2016-10-16",
          "team1": {
            "key": "mattersburg",
            "name": "SV Mattersburg",
            "code": "MAT"
          },
          "team2": {
            "key": "austria",
            "name": "FK Austria Wien",
            "code": "AUS"
          },
          "score1": 0,
          "score2": 2
        }
      ]
    },
    {
      "name": "Runde 12",
      "matches": [
        {
          "date": "2016-10-22",
          "team1": {
            "key": "rapid",
            "name": "SK Rapid Wien",
            "code": "RAP"
          },
          "team2": {
            "key": "austria",
            "name": "FK Austria Wien",
            "code": "AUS"
          },
          "score1": 0,
          "score2": 2
        },
        {
          "date": "2016-10-22",
          "team1": {
            "key": "sturm",
            "name": "SK Sturm Graz",
            "code": "STU"
          },
          "team2": {
            "key": "mattersburg",
            "name": "SV Mattersburg",
            "code": "MAT"
          },
          "score1": 2,
          "score2": 2
        },
        {
          "date": "2016-10-22",
          "team1": {
            "key": "ried",
            "name": "SV Ried",
            "code": "RIE"
          },
          "team2": {
            "key": "wac",
            "name": "Wolfsberger AC",
            "code": "WAC"
          },
          "score1": 0,
          "score2": 1
        },
        {
          "date": "2016-10-22",
          "team1": {
            "key": "altach",
            "name": "SCR Altach",
            "code": "ALT"
          },
          "team2": {
            "key": "admira",
            "name": "FC Admira Wacker",
            "code": "ADM"
          },
          "score1": 2,
          "score2": 0
        },
        {
          "date": "2016-10-22",
          "team1": {
            "key": "stpoelten",
            "name": "SKN St. Pölten",
            "code": "SKN"
          },
          "team2": {
            "key": "salzburg",
            "name": "FC RB Salzburg",
            "code": "RBS"
          },
          "score1": 1,
          "score2": 5
        }
      ]
    },
    {
      "name": "Runde 13",
      "matches": [
        {
          "date": "2016-10-29",
          "team1": {
            "key": "salzburg",
            "name": "FC RB Salzburg",
            "code": "RBS"
          },
          "team2": {
            "key": "ried",
            "name": "SV Ried",
            "code": "RIE"
          },
          "score1": 1,
          "score2": 0
        },
        {
          "date": "2016-10-29",
          "team1": {
            "key": "austria",
            "name": "FK Austria Wien",
            "code": "AUS"
          },
          "team2": {
            "key": "sturm",
            "name": "SK Sturm Graz",
            "code": "STU"
          },
          "score1": 2,
          "score2": 0
        },
        {
          "date": "2016-10-29",
          "team1": {
            "key": "admira",
            "name": "FC Admira Wacker",
            "code": "ADM"
          },
          "team2": {
            "key": "rapid",
            "name": "SK Rapid Wien",
            "code": "RAP"
          },
          "score1": 1,
          "score2": 2
        },
        {
          "date": "2016-10-29",
          "team1": {
            "key": "wac",
            "name": "Wolfsberger AC",
            "code": "WAC"
          },
          "team2": {
            "key": "mattersburg",
            "name": "SV Mattersburg",
            "code": "MAT"
          },
          "score1": 3,
          "score2": 0
        },
        {
          "date": "2016-10-29",
          "team1": {
            "key": "stpoelten",
            "name": "SKN St. Pölten",
            "code": "SKN"
          },
          "team2": {
            "key": "altach",
            "name": "SCR Altach",
            "code": "ALT"
          },
          "score1": 0,
          "score2": 1
        }
      ]
    },
    {
      "name": "Runde 14",
      "matches": [
        {
          "date": "2016-11-05",
          "team1": {
            "key": "rapid",
            "name": "SK Rapid Wien",
            "code": "RAP"
          },
          "team2": {
            "key": "wac",
            "name": "Wolfsberger AC",
            "code": "WAC"
          },
          "score1": 0,
          "score2": 1
        },
        {
          "date": "2016-11-05",
          "team1": {
            "key": "sturm",
            "name": "SK Sturm Graz",
            "code": "STU"
          },
          "team2": {
            "key": "stpoelten",
            "name": "SKN St. Pölten",
            "code": "SKN"
          },
          "score1": 1,
          "score2": 2
        },
        {
          "date": "2016-11-05",
          "team1": {
            "key": "ried",
            "name": "SV Ried",
            "code": "RIE"
          },
          "team2": {
            "key": "admira",
            "name": "FC Admira Wacker",
            "code": "ADM"
          },
          "score1": 2,
          "score2": 1
        },
        {
          "date": "2016-11-05",
          "team1": {
            "key": "altach",
            "name": "SCR Altach",
            "code": "ALT"
          },
          "team2": {
            "key": "austria",
            "name": "FK Austria Wien",
            "code": "AUS"
          },
          "score1": 5,
          "score2": 1
        },
        {
          "date": "2016-11-05",
          "team1": {
            "key": "mattersburg",
            "name": "SV Mattersburg",
            "code": "MAT"
          },
          "team2": {
            "key": "salzburg",
            "name": "FC RB Salzburg",
            "code": "RBS"
          },
          "score1": 2,
          "score2": 1
        }
      ]
    },
    {
      "name": "Runde 15",
      "matches": [
        {
          "date": "2016-11-19",
          "team1": {
            "key": "salzburg",
            "name": "FC RB Salzburg",
            "code": "RBS"
          },
          "team2": {
            "key": "rapid",
            "name": "SK Rapid Wien",
            "code": "RAP"
          },
          "score1": 2,
          "score2": 1
        },
        {
          "date": "2016-11-19",
          "team1": {
            "key": "austria",
            "name": "FK Austria Wien",
            "code": "AUS"
          },
          "team2": {
            "key": "ried",
            "name": "SV Ried",
            "code": "RIE"
          },
          "score1": 2,
          "score2": 0
        },
        {
          "date": "2016-11-19",
          "team1": {
            "key": "admira",
            "name": "FC Admira Wacker",
            "code": "ADM"
          },
          "team2": {
            "key": "wac",
            "name": "Wolfsberger AC",
            "code": "WAC"
          },
          "score1": 4,
          "score2": 1
        },
        {
          "date": "2016-11-19",
          "team1": {
            "key": "altach",
            "name": "SCR Altach",
            "code": "ALT"
          },
          "team2": {
            "key": "sturm",
            "name": "SK Sturm Graz",
            "code": "STU"
          },
          "score1": 1,
          "score2": 1
        },
        {
          "date": "2016-11-19",
          "team1": {
            "key": "stpoelten",
            "name": "SKN St. Pölten",
            "code": "SKN"
          },
          "team2": {
            "key": "mattersburg",
            "name": "SV Mattersburg",
            "code": "MAT"
          },
          "score1": 2,
          "score2": 2
        }
      ]
    },
    {
      "name": "Runde 16",
      "matches": [
        {
          "date": "2016-11-26",
          "team1": {
            "key": "salzburg",
            "name": "FC RB Salzburg",
            "code": "RBS"
          },
          "team2": {
            "key": "admira",
            "name": "FC Admira Wacker",
            "code": "ADM"
          },
          "score1": 0,
          "score2": 1
        },
        {
          "date": "2016-11-26",
          "team1": {
            "key": "rapid",
            "name": "SK Rapid Wien",
            "code": "RAP"
          },
          "team2": {
            "key": "sturm",
            "name": "SK Sturm Graz",
            "code": "STU"
          },
          "score1": 1,
          "score2": 2
        },
        {
          "date": "2016-11-26",
          "team1": {
            "key": "wac",
            "name": "Wolfsberger AC",
            "code": "WAC"
          },
          "team2": {
            "key": "austria",
            "name": "FK Austria Wien",
            "code": "AUS"
          },
          "score1": 0,
          "score2": 3
        },
        {
          "date": "2016-11-26",
          "team1": {
            "key": "ried",
            "name": "SV Ried",
            "code": "RIE"
          },
          "team2": {
            "key": "stpoelten",
            "name": "SKN St. Pölten",
            "code": "SKN"
          },
          "score1": 1,
          "score2": 2
        },
        {
          "date": "2016-11-26",
          "team1": {
            "key": "mattersburg",
            "name": "SV Mattersburg",
            "code": "MAT"
          },
          "team2": {
            "key": "altach",
            "name": "SCR Altach",
            "code": "ALT"
          },
          "score1": 1,
          "score2": 2
        }
      ]
    },
    {
      "name": "Runde 17",
      "matches": [
        {
          "date": "2016-11-29",
          "team1": {
            "key": "austria",
            "name": "FK Austria Wien",
            "code": "AUS"
          },
          "team2": {
            "key": "salzburg",
            "name": "FC RB Salzburg",
            "code": "RBS"
          },
          "score1": 1,
          "score2": 3
        },
        {
          "date": "2016-11-29",
          "team1": {
            "key": "sturm",
            "name": "SK Sturm Graz",
            "code": "STU"
          },
          "team2": {
            "key": "admira",
            "name": "FC Admira Wacker",
            "code": "ADM"
          },
          "score1": 0,
          "score2": 2
        },
        {
          "date": "2016-11-29",
          "team1": {
            "key": "altach",
            "name": "SCR Altach",
            "code": "ALT"
          },
          "team2": {
            "key": "ried",
            "name": "SV Ried",
            "code": "RIE"
          },
          "score1": 1,
          "score2": 0
        },
        {
          "date": "2016-11-29",
          "team1": {
            "key": "mattersburg",
            "name": "SV Mattersburg",
            "code": "MAT"
          },
          "team2": {
            "key": "rapid",
            "name": "SK Rapid Wien",
            "code": "RAP"
          },
          "score1": 1,
          "score2": 1
        },
        {
          "date": "2016-11-29",
          "team1": {
            "key": "stpoelten",
            "name": "SKN St. Pölten",
            "code": "SKN"
          },
          "team2": {
            "key": "wac",
            "name": "Wolfsberger AC",
            "code": "WAC"
          },
          "score1": 0,
          "score2": 4
        }
      ]
    },
    {
      "name": "Runde 18",
      "matches": [
        {
          "date": "2016-12-03",
          "team1": {
            "key": "salzburg",
            "name": "FC RB Salzburg",
            "code": "RBS"
          },
          "team2": {
            "key": "altach",
            "name": "SCR Altach",
            "code": "ALT"
          },
          "score1": 4,
          "score2": 1
        },
        {
          "date": "2016-12-03",
          "team1": {
            "key": "rapid",
            "name": "SK Rapid Wien",
            "code": "RAP"
          },
          "team2": {
            "key": "stpoelten",
            "name": "SKN St. Pölten",
            "code": "SKN"
          },
          "score1": 1,
          "score2": 0
        },
        {
          "date": "2016-12-03",
          "team1": {
            "key": "admira",
            "name": "FC Admira Wacker",
            "code": "ADM"
          },
          "team2": {
            "key": "austria",
            "name": "FK Austria Wien",
            "code": "AUS"
          },
          "score1": 0,
          "score2": 2
        },
        {
          "date": "2016-12-03",
          "team1": {
            "key": "wac",
            "name": "Wolfsberger AC",
            "code": "WAC"
          },
          "team2": {
            "key": "sturm",
            "name": "SK Sturm Graz",
            "code": "STU"
          },
          "score1": 0,
          "score2": 4
        },
        {
          "date": "2016-12-03",
          "team1": {
            "key": "ried",
            "name": "SV Ried",
            "code": "RIE"
          },
          "team2": {
            "key": "mattersburg",
            "name": "SV Mattersburg",
            "code": "MAT"
          },
          "score1": 2,
          "score2": 1
        }
      ]
    },
    {
      "name": "Runde 19",
      "matches": [
        {
          "date": "2016-12-10",
          "team1": {
            "key": "rapid",
            "name": "SK Rapid Wien",
            "code": "RAP"
          },
          "team2": {
            "key": "ried",
            "name": "SV Ried",
            "code": "RIE"
          },
          "score1": 3,
          "score2": 1
        },
        {
          "date": "2016-12-10",
          "team1": {
            "key": "sturm",
            "name": "SK Sturm Graz",
            "code": "STU"
          },
          "team2": {
            "key": "salzburg",
            "name": "FC RB Salzburg",
            "code": "RBS"
          },
          "score1": 0,
          "score2": 1
        },
        {
          "date": "2016-12-10",
          "team1": {
            "key": "altach",
            "name": "SCR Altach",
            "code": "ALT"
          },
          "team2": {
            "key": "wac",
            "name": "Wolfsberger AC",
            "code": "WAC"
          },
          "score1": 2,
          "score2": 1
        },
        {
          "date": "2016-12-10",
          "team1": {
            "key": "mattersburg",
            "name": "SV Mattersburg",
            "code": "MAT"
          },
          "team2": {
            "key": "admira",
            "name": "FC Admira Wacker",
            "code": "ADM"
          },
          "score1": 2,
          "score2": 0
        },
        {
          "date": "2016-12-10",
          "team1": {
            "key": "stpoelten",
            "name": "SKN St. Pölten",
            "code": "SKN"
          },
          "team2": {
            "key": "austria",
            "name": "FK Austria Wien",
            "code": "AUS"
          },
          "score1": 2,
          "score2": 1
        }
      ]
    },
    {
      "name": "Runde 20",
      "matches": [
        {
          "date": "2016-12-17",
          "team1": {
            "key": "salzburg",
            "name": "FC RB Salzburg",
            "code": "RBS"
          },
          "team2": {
            "key": "wac",
            "name": "Wolfsberger AC",
            "code": "WAC"
          },
          "score1": 3,
          "score2": 0
        },
        {
          "date": "2016-12-17",
          "team1": {
            "key": "austria",
            "name": "FK Austria Wien",
            "code": "AUS"
          },
          "team2": {
            "key": "mattersburg",
            "name": "SV Mattersburg",
            "code": "MAT"
          },
          "score1": 2,
          "score2": 0
        },
        {
          "date": "2016-12-17",
          "team1": {
            "key": "ried",
            "name": "SV Ried",
            "code": "RIE"
          },
          "team2": {
            "key": "sturm",
            "name": "SK Sturm Graz",
            "code": "STU"
          },
          "score1": 0,
          "score2": 3
        },
        {
          "date": "2016-12-17",
          "team1": {
            "key": "altach",
            "name": "SCR Altach",
            "code": "ALT"
          },
          "team2": {
            "key": "rapid",
            "name": "SK Rapid Wien",
            "code": "RAP"
          },
          "score1": 3,
          "score2": 1
        },
        {
          "date": "2016-12-17",
          "team1": {
            "key": "stpoelten",
            "name": "SKN St. Pölten",
            "code": "SKN"
          },
          "team2": {
            "key": "admira",
            "name": "FC Admira Wacker",
            "code": "ADM"
          },
          "score1": 2,
          "score2": 2
        }
      ]
    },
    {
      "name": "Runde 21",
      "matches": [
        {
          "date": "2017-02-11",
          "team1": {
            "key": "salzburg",
            "name": "FC RB Salzburg",
            "code": "RBS"
          },
          "team2": {
            "key": "stpoelten",
            "name": "SKN St. Pölten",
            "code": "SKN"
          },
          "score1": 2,
          "score2": 0
        },
        {
          "date": "2017-02-11",
          "team1": {
            "key": "austria",
            "name": "FK Austria Wien",
            "code": "AUS"
          },
          "team2": {
            "key": "rapid",
            "name": "SK Rapid Wien",
            "code": "RAP"
          },
          "score1": 1,
          "score2": 1
        },
        {
          "date": "2017-02-11",
          "team1": {
            "key": "admira",
            "name": "FC Admira Wacker",
            "code": "ADM"
          },
          "team2": {
            "key": "altach",
            "name": "SCR Altach",
            "code": "ALT"
          },
          "score1": 1,
          "score2": 1
        },
        {
          "date": "2017-02-11",
          "team1": {
            "key": "wac",
            "name": "Wolfsberger AC",
            "code": "WAC"
          },
          "team2": {
            "key": "ried",
            "name": "SV Ried",
            "code": "RIE"
          },
          "score1": 1,
          "score2": 0
        },
        {
          "date": "2017-02-11",
          "team1": {
            "key": "mattersburg",
            "name": "SV Mattersburg",
            "code": "MAT"
          },
          "team2": {
            "key": "sturm",
            "name": "SK Sturm Graz",
            "code": "STU"
          },
          "score1": 1,
          "score2": 0
        }
      ]
    },
    {
      "name": "Runde 22",
      "matches": [
        {
          "date": "2017-02-18",
          "team1": {
            "key": "rapid",
            "name": "SK Rapid Wien",
            "code": "RAP"
          },
          "team2": {
            "key": "admira",
            "name": "FC Admira Wacker",
            "code": "ADM"
          },
          "score1": 0,
          "score2": 0
        },
        {
          "date": "2017-02-18",
          "team1": {
            "key": "sturm",
            "name": "SK Sturm Graz",
            "code": "STU"
          },
          "team2": {
            "key": "austria",
            "name": "FK Austria Wien",
            "code": "AUS"
          },
          "score1": 0,
          "score2": 4
        },
        {
          "date": "2017-02-18",
          "team1": {
            "key": "ried",
            "name": "SV Ried",
            "code": "RIE"
          },
          "team2": {
            "key": "salzburg",
            "name": "FC RB Salzburg",
            "code": "RBS"
          },
          "score1": 1,
          "score2": 6
        },
        {
          "date": "2017-02-18",
          "team1": {
            "key": "altach",
            "name": "SCR Altach",
            "code": "ALT"
          },
          "team2": {
            "key": "stpoelten",
            "name": "SKN St. Pölten",
            "code": "SKN"
          },
          "score1": 1,
          "score2": 2
        },
        {
          "date": "2017-02-18",
          "team1": {
            "key": "mattersburg",
            "name": "SV Mattersburg",
            "code": "MAT"
          },
          "team2": {
            "key": "wac",
            "name": "Wolfsberger AC",
            "code": "WAC"
          },
          "score1": 2,
          "score2": 1
        }
      ]
    },
    {
      "name": "Runde 23",
      "matches": [
        {
          "date": "2017-02-25",
          "team1": {
            "key": "salzburg",
            "name": "FC RB Salzburg",
            "code": "RBS"
          },
          "team2": {
            "key": "mattersburg",
            "name": "SV Mattersburg",
            "code": "MAT"
          },
          "score1": 1,
          "score2": 0
        },
        {
          "date": "2017-02-25",
          "team1": {
            "key": "austria",
            "name": "FK Austria Wien",
            "code": "AUS"
          },
          "team2": {
            "key": "altach",
            "name": "SCR Altach",
            "code": "ALT"
          },
          "score1": 1,
          "score2": 3
        },
        {
          "date": "2017-02-25",
          "team1": {
            "key": "admira",
            "name": "FC Admira Wacker",
            "code": "ADM"
          },
          "team2": {
            "key": "ried",
            "name": "SV Ried",
            "code": "RIE"
          },
          "score1": 1,
          "score2": 0
        },
        {
          "date": "2017-02-25",
          "team1": {
            "key": "wac",
            "name": "Wolfsberger AC",
            "code": "WAC"
          },
          "team2": {
            "key": "rapid",
            "name": "SK Rapid Wien",
            "code": "RAP"
          },
          "score1": 2,
          "score2": 1
        },
        {
          "date": "2017-02-25",
          "team1": {
            "key": "stpoelten",
            "name": "SKN St. Pölten",
            "code": "SKN"
          },
          "team2": {
            "key": "sturm",
            "name": "SK Sturm Graz",
            "code": "STU"
          },
          "score1": 2,
          "score2": 1
        }
      ]
    },
    {
      "name": "Runde 24",
      "matches": [
        {
          "date": "2017-03-04",
          "team1": {
            "key": "rapid",
            "name": "SK Rapid Wien",
            "code": "RAP"
          },
          "team2": {
            "key": "salzburg",
            "name": "FC RB Salzburg",
            "code": "RBS"
          },
          "score1": 0,
          "score2": 1
        },
        {
          "date": "2017-03-04",
          "team1": {
            "key": "sturm",
            "name": "SK Sturm Graz",
            "code": "STU"
          },
          "team2": {
            "key": "altach",
            "name": "SCR Altach",
            "code": "ALT"
          },
          "score1": 3,
          "score2": 0
        },
        {
          "date": "2017-03-04",
          "team1": {
            "key": "wac",
            "name": "Wolfsberger AC",
            "code": "WAC"
          },
          "team2": {
            "key": "admira",
            "name": "FC Admira Wacker",
            "code": "ADM"
          },
          "score1": 1,
          "score2": 1
        },
        {
          "date": "2017-03-04",
          "team1": {
            "key": "ried",
            "name": "SV Ried",
            "code": "RIE"
          },
          "team2": {
            "key": "austria",
            "name": "FK Austria Wien",
            "code": "AUS"
          },
          "score1": 0,
          "score2": 3
        },
        {
          "date": "2017-03-04",
          "team1": {
            "key": "mattersburg",
            "name": "SV Mattersburg",
            "code": "MAT"
          },
          "team2": {
            "key": "stpoelten",
            "name": "SKN St. Pölten",
            "code": "SKN"
          },
          "score1": 1,
          "score2": 0
        }
      ]
    },
    {
      "name": "Runde 25",
      "matches": [
        {
          "date": "2017-03-11",
          "team1": {
            "key": "austria",
            "name": "FK Austria Wien",
            "code": "AUS"
          },
          "team2": {
            "key": "wac",
            "name": "Wolfsberger AC",
            "code": "WAC"
          },
          "score1": 3,
          "score2": 0
        },
        {
          "date": "2017-03-11",
          "team1": {
            "key": "admira",
            "name": "FC Admira Wacker",
            "code": "ADM"
          },
          "team2": {
            "key": "salzburg",
            "name": "FC RB Salzburg",
            "code": "RBS"
          },
          "score1": 1,
          "score2": 1
        },
        {
          "date": "2017-03-11",
          "team1": {
            "key": "sturm",
            "name": "SK Sturm Graz",
            "code": "STU"
          },
          "team2": {
            "key": "rapid",
            "name": "SK Rapid Wien",
            "code": "RAP"
          },
          "score1": 2,
          "score2": 1
        },
        {
          "date": "2017-03-11",
          "team1": {
            "key": "altach",
            "name": "SCR Altach",
            "code": "ALT"
          },
          "team2": {
            "key": "mattersburg",
            "name": "SV Mattersburg",
            "code": "MAT"
          },
          "score1": 3,
          "score2": 0
        },
        {
          "date": "2017-03-11",
          "team1": {
            "key": "stpoelten",
            "name": "SKN St. Pölten",
            "code": "SKN"
          },
          "team2": {
            "key": "ried",
            "name": "SV Ried",
            "code": "RIE"
          },
          "score1": 1,
          "score2": 0
        }
      ]
    },
    {
      "name": "Runde 26",
      "matches": [
        {
          "date": "2017-03-18",
          "team1": {
            "key": "salzburg",
            "name": "FC RB Salzburg",
            "code": "RBS"
          },
          "team2": {
            "key": "austria",
            "name": "FK Austria Wien",
            "code": "AUS"
          },
          "score1": 5,
          "score2": 0
        },
        {
          "date": "2017-03-18",
          "team1": {
            "key": "rapid",
            "name": "SK Rapid Wien",
            "code": "RAP"
          },
          "team2": {
            "key": "mattersburg",
            "name": "SV Mattersburg",
            "code": "MAT"
          },
          "score1": 1,
          "score2": 1
        },
        {
          "date": "2017-03-18",
          "team1": {
            "key": "admira",
            "name": "FC Admira Wacker",
            "code": "ADM"
          },
          "team2": {
            "key": "sturm",
            "name": "SK Sturm Graz",
            "code": "STU"
          },
          "score1": 1,
          "score2": 0
        },
        {
          "date": "2017-03-18",
          "team1": {
            "key": "wac",
            "name": "Wolfsberger AC",
            "code": "WAC"
          },
          "team2": {
            "key": "stpoelten",
            "name": "SKN St. Pölten",
            "code": "SKN"
          },
          "score1": 1,
          "score2": 0
        },
        {
          "date": "2017-03-18",
          "team1": {
            "key": "ried",
            "name": "SV Ried",
            "code": "RIE"
          },
          "team2": {
            "key": "altach",
            "name": "SCR Altach",
            "code": "ALT"
          },
          "score1": 2,
          "score2": 0
        }
      ]
    },
    {
      "name": "Runde 27",
      "matches": [
        {
          "date": "2017-04-01",
          "team1": {
            "key": "austria",
            "name": "FK Austria Wien",
            "code": "AUS"
          },
          "team2": {
            "key": "admira",
            "name": "FC Admira Wacker",
            "code": "ADM"
          },
          "score1": 0,
          "score2": 2
        },
        {
          "date": "2017-04-01",
          "team1": {
            "key": "sturm",
            "name": "SK Sturm Graz",
            "code": "STU"
          },
          "team2": {
            "key": "wac",
            "name": "Wolfsberger AC",
            "code": "WAC"
          },
          "score1": 4,
          "score2": 0
        },
        {
          "date": "2017-04-01",
          "team1": {
            "key": "altach",
            "name": "SCR Altach",
            "code": "ALT"
          },
          "team2": {
            "key": "salzburg",
            "name": "FC RB Salzburg",
            "code": "RBS"
          },
          "score1": 0,
          "score2": 5
        },
        {
          "date": "2017-04-01",
          "team1": {
            "key": "mattersburg",
            "name": "SV Mattersburg",
            "code": "MAT"
          },
          "team2": {
            "key": "ried",
            "name": "SV Ried",
            "code": "RIE"
          },
          "score1": 2,
          "score2": 1
        },
        {
          "date": "2017-04-01",
          "team1": {
            "key": "stpoelten",
            "name": "SKN St. Pölten",
            "code": "SKN"
          },
          "team2": {
            "key": "rapid",
            "name": "SK Rapid Wien",
            "code": "RAP"
          },
          "score1": 1,
          "score2": 1
        }
      ]
    },
    {
      "name": "Runde 28",
      "matches": [
        {
          "date": "2017-04-08",
          "team1": {
            "key": "salzburg",
            "name": "FC RB Salzburg",
            "code": "RBS"
          },
          "team2": {
            "key": "sturm",
            "name": "SK Sturm Graz",
            "code": "STU"
          },
          "score1": 1,
          "score2": 0
        },
        {
          "date": "2017-04-08",
          "team1": {
            "key": "austria",
            "name": "FK Austria Wien",
            "code": "AUS"
          },
          "team2": {
            "key": "stpoelten",
            "name": "SKN St. Pölten",
            "code": "SKN"
          },
          "score1": 1,
          "score2": 2
        },
        {
          "date": "2017-04-08",
          "team1": {
            "key": "admira",
            "name": "FC Admira Wacker",
            "code": "ADM"
          },
          "team2": {
            "key": "mattersburg",
            "name": "SV Mattersburg",
            "code": "MAT"
          },
          "score1": 0,
          "score2": 2
        },
        {
          "date": "2017-04-08",
          "team1": {
            "key": "wac",
            "name": "Wolfsberger AC",
            "code": "WAC"
          },
          "team2": {
            "key": "altach",
            "name": "SCR Altach",
            "code": "ALT"
          },
          "score1": 0,
          "score2": 0
        },
        {
          "date": "2017-04-08",
          "team1": {
            "key": "ried",
            "name": "SV Ried",
            "code": "RIE"
          },
          "team2": {
            "key": "rapid",
            "name": "SK Rapid Wien",
            "code": "RAP"
          },
          "score1": 3,
          "score2": 0
        }
      ]
    },
    {
      "name": "Runde 29",
      "matches": [
        {
          "date": "2017-04-15",
          "team1": {
            "key": "rapid",
            "name": "SK Rapid Wien",
            "code": "RAP"
          },
          "team2": {
            "key": "altach",
            "name": "SCR Altach",
            "code": "ALT"
          },
          "score1": 3,
          "score2": 0
        },
        {
          "date": "2017-04-15",
          "team1": {
            "key": "admira",
            "name": "FC Admira Wacker",
            "code": "ADM"
          },
          "team2": {
            "key": "stpoelten",
            "name": "SKN St. Pölten",
            "code": "SKN"
          },
          "score1": 2,
          "score2": 0
        },
        {
          "date": "2017-04-15",
          "team1": {
            "key": "sturm",
            "name": "SK Sturm Graz",
            "code": "STU"
          },
          "team2": {
            "key": "ried",
            "name": "SV Ried",
            "code": "RIE"
          },
          "score1": 1,
          "score2": 0
        },
        {
          "date": "2017-04-15",
          "team1": {
            "key": "wac",
            "name": "Wolfsberger AC",
            "code": "WAC"
          },
          "team2": {
            "key": "salzburg",
            "name": "FC RB Salzburg",
            "code": "RBS"
          },
          "score1": 0,
          "score2": 2
        },
        {
          "date": "2017-04-15",
          "team1": {
            "key": "mattersburg",
            "name": "SV Mattersburg",
            "code": "MAT"
          },
          "team2": {
            "key": "austria",
            "name": "FK Austria Wien",
            "code": "AUS"
          },
          "score1": 0,
          "score2": 3
        }
      ]
    },
    {
      "name": "Runde 30",
      "matches": [
        {
          "date": "2017-04-22",
          "team1": {
            "key": "rapid",
            "name": "SK Rapid Wien",
            "code": "RAP"
          },
          "team2": {
            "key": "austria",
            "name": "FK Austria Wien",
            "code": "AUS"
          },
          "score1": 0,
          "score2": 2
        },
        {
          "date": "2017-04-22",
          "team1": {
            "key": "sturm",
            "name": "SK Sturm Graz",
            "code": "STU"
          },
          "team2": {
            "key": "mattersburg",
            "name": "SV Mattersburg",
            "code": "MAT"
          },
          "score1": 0,
          "score2": 2
        },
        {
          "date": "2017-04-22",
          "team1": {
            "key": "ried",
            "name": "SV Ried",
            "code": "RIE"
          },
          "team2": {
            "key": "wac",
            "name": "Wolfsberger AC",
            "code": "WAC"
          },
          "score1": 1,
          "score2": 1
        },
        {
          "date": "2017-04-22",
          "team1": {
            "key": "altach",
            "name": "SCR Altach",
            "code": "ALT"
          },
          "team2": {
            "key": "admira",
            "name": "FC Admira Wacker",
            "code": "ADM"
          },
          "score1": 0,
          "score2": 0
        },
        {
          "date": "2017-04-22",
          "team1": {
            "key": "stpoelten",
            "name": "SKN St. Pölten",
            "code": "SKN"
          },
          "team2": {
            "key": "salzburg",
            "name": "FC RB Salzburg",
            "code": "RBS"
          },
          "score1": 1,
          "score2": 2
        }
      ]
    },
    {
      "name": "Runde 31",
      "matches": [
        {
          "date": "2017-04-29",
          "team1": {
            "key": "salzburg",
            "name": "FC RB Salzburg",
            "code": "RBS"
          },
          "team2": {
            "key": "ried",
            "name": "SV Ried",
            "code": "RIE"
          },
          "score1": 1,
          "score2": 1
        },
        {
          "date": "2017-04-29",
          "team1": {
            "key": "austria",
            "name": "FK Austria Wien",
            "code": "AUS"
          },
          "team2": {
            "key": "sturm",
            "name": "SK Sturm Graz",
            "code": "STU"
          },
          "score1": 4,
          "score2": 1
        },
        {
          "date": "2017-04-29",
          "team1": {
            "key": "admira",
            "name": "FC Admira Wacker",
            "code": "ADM"
          },
          "team2": {
            "key": "rapid",
            "name": "SK Rapid Wien",
            "code": "RAP"
          },
          "score1": 3,
          "score2": 2
        },
        {
          "date": "2017-04-29",
          "team1": {
            "key": "wac",
            "name": "Wolfsberger AC",
            "code": "WAC"
          },
          "team2": {
            "key": "mattersburg",
            "name": "SV Mattersburg",
            "code": "MAT"
          },
          "score1": 2,
          "score2": 2
        },
        {
          "date": "2017-04-29",
          "team1": {
            "key": "stpoelten",
            "name": "SKN St. Pölten",
            "code": "SKN"
          },
          "team2": {
            "key": "altach",
            "name": "SCR Altach",
            "code": "ALT"
          },
          "score1": 3,
          "score2": 3
        }
      ]
    },
    {
      "name": "Runde 32",
      "matches": [
        {
          "date": "2017-05-06",
          "team1": {
            "key": "rapid",
            "name": "SK Rapid Wien",
            "code": "RAP"
          },
          "team2": {
            "key": "wac",
            "name": "Wolfsberger AC",
            "code": "WAC"
          },
          "score1": 4,
          "score2": 0
        },
        {
          "date": "2017-05-06",
          "team1": {
            "key": "sturm",
            "name": "SK Sturm Graz",
            "code": "STU"
          },
          "team2": {
            "key": "stpoelten",
            "name": "SKN St. Pölten",
            "code": "SKN"
          },
          "score1": 3,
          "score2": 2
        },
        {
          "date": "2017-05-06",
          "team1": {
            "key": "ried",
            "name": "SV Ried",
            "code": "RIE"
          },
          "team2": {
            "key": "admira",
            "name": "FC Admira Wacker",
            "code": "ADM"
          },
          "score1": 1,
          "score2": 0
        },
        {
          "date": "2017-05-06",
          "team1": {
            "key": "altach",
            "name": "SCR Altach",
            "code": "ALT"
          },
          "team2": {
            "key": "austria",
            "name": "FK Austria Wien",
            "code": "AUS"
          },
          "score1": 1,
          "score2": 1
        },
        {
          "date": "2017-05-06",
          "team1": {
            "key": "mattersburg",
            "name": "SV Mattersburg",
            "code": "MAT"
          },
          "team2": {
            "key": "salzburg",
            "name": "FC RB Salzburg",
            "code": "RBS"
          },
          "score1": 2,
          "score2": 1
        }
      ]
    },
    {
      "name": "Runde 33",
      "matches": [
        {
          "date": "2017-05-13",
          "team1": {
            "key": "salzburg",
            "name": "FC RB Salzburg",
            "code": "RBS"
          },
          "team2": {
            "key": "rapid",
            "name": "SK Rapid Wien",
            "code": "RAP"
          },
          "score1": 1,
          "score2": 0
        },
        {
          "date": "2017-05-13",
          "team1": {
            "key": "austria",
            "name": "FK Austria Wien",
            "code": "AUS"
          },
          "team2": {
            "key": "ried",
            "name": "SV Ried",
            "code": "RIE"
          },
          "score1": 3,
          "score2": 0
        },
        {
          "date": "2017-05-13",
          "team1": {
            "key": "admira",
            "name": "FC Admira Wacker",
            "code": "ADM"
          },
          "team2": {
            "key": "wac",
            "name": "Wolfsberger AC",
            "code": "WAC"
          },
          "score1": 3,
          "score2": 2
        },
        {
          "date": "2017-05-13",
          "team1": {
            "key": "altach",
            "name": "SCR Altach",
            "code": "ALT"
          },
          "team2": {
            "key": "sturm",
            "name": "SK Sturm Graz",
            "code": "STU"
          },
          "score1": 1,
          "score2": 2
        },
        {
          "date": "2017-05-13",
          "team1": {
            "key": "stpoelten",
            "name": "SKN St. Pölten",
            "code": "SKN"
          },
          "team2": {
            "key": "mattersburg",
            "name": "SV Mattersburg",
            "code": "MAT"
          },
          "score1": 1,
          "score2": 0
        }
      ]
    },
    {
      "name": "Runde 34",
      "matches": [
        {
          "date": "2017-05-20",
          "team1": {
            "key": "salzburg",
            "name": "FC RB Salzburg",
            "code": "RBS"
          },
          "team2": {
            "key": "admira",
            "name": "FC Admira Wacker",
            "code": "ADM"
          },
          "score1": 2,
          "score2": 0
        },
        {
          "date": "2017-05-20",
          "team1": {
            "key": "rapid",
            "name": "SK Rapid Wien",
            "code": "RAP"
          },
          "team2": {
            "key": "sturm",
            "name": "SK Sturm Graz",
            "code": "STU"
          },
          "score1": 1,
          "score2": 0
        },
        {
          "date": "2017-05-20",
          "team1": {
            "key": "wac",
            "name": "Wolfsberger AC",
            "code": "WAC"
          },
          "team2": {
            "key": "austria",
            "name": "FK Austria Wien",
            "code": "AUS"
          },
          "score1": 2,
          "score2": 1
        },
        {
          "date": "2017-05-20",
          "team1": {
            "key": "ried",
            "name": "SV Ried",
            "code": "RIE"
          },
          "team2": {
            "key": "stpoelten",
            "name": "SKN St. Pölten",
            "code": "SKN"
          },
          "score1": 1,
          "score2": 1
        },
        {
          "date": "2017-05-20",
          "team1": {
            "key": "mattersburg",
            "name": "SV Mattersburg",
            "code": "MAT"
          },
          "team2": {
            "key": "altach",
            "name": "SCR Altach",
            "code": "ALT"
          },
          "score1": 1,
          "score2": 0
        }
      ]
    },
    {
      "name": "Runde 35",
      "matches": [
        {
          "date": "2017-05-25",
          "team1": {
            "key": "austria",
            "name": "FK Austria Wien",
            "code": "AUS"
          },
          "team2": {
            "key": "salzburg",
            "name": "FC RB Salzburg",
            "code": "RBS"
          },
          "score1": 2,
          "score2": 3
        },
        {
          "date": "2017-05-25",
          "team1": {
            "key": "sturm",
            "name": "SK Sturm Graz",
            "code": "STU"
          },
          "team2": {
            "key": "admira",
            "name": "FC Admira Wacker",
            "code": "ADM"
          },
          "score1": 2,
          "score2": 1
        },
        {
          "date": "2017-05-25",
          "team1": {
            "key": "altach",
            "name": "SCR Altach",
            "code": "ALT"
          },
          "team2": {
            "key": "ried",
            "name": "SV Ried",
            "code": "RIE"
          },
          "score1": 0,
          "score2": 2
        },
        {
          "date": "2017-05-25",
          "team1": {
            "key": "mattersburg",
            "name": "SV Mattersburg",
            "code": "MAT"
          },
          "team2": {
            "key": "rapid",
            "name": "SK Rapid Wien",
            "code": "RAP"
          },
          "score1": 1,
          "score2": 3
        },
        {
          "date": "2017-05-25",
          "team1": {
            "key": "stpoelten",
            "name": "SKN St. Pölten",
            "code": "SKN"
          },
          "team2": {
            "key": "wac",
            "name": "Wolfsberger AC",
            "code": "WAC"
          },
          "score1": 1,
          "score2": 1
        }
      ]
    },
    {
      "name": "Runde 36",
      "matches": [
        {
          "date": "2017-05-28",
          "team1": {
            "key": "salzburg",
            "name": "FC RB Salzburg",
            "code": "RBS"
          },
          "team2": {
            "key": "altach",
            "name": "SCR Altach",
            "code": "ALT"
          },
          "score1": 1,
          "score2": 0
        },
        {
          "date": "2017-05-28",
          "team1": {
            "key": "rapid",
            "name": "SK Rapid Wien",
            "code": "RAP"
          },
          "team2": {
            "key": "stpoelten",
            "name": "SKN St. Pölten",
            "code": "SKN"
          },
          "score1": 2,
          "score2": 1
        },
        {
          "date": "2017-05-28",
          "team1": {
            "key": "admira",
            "name": "FC Admira Wacker",
            "code": "ADM"
          },
          "team2": {
            "key": "austria",
            "name": "FK Austria Wien",
            "code": "AUS"
          },
          "score1": 1,
          "score2": 6
        },
        {
          "date": "2017-05-28",
          "team1": {
            "key": "wac",
            "name": "Wolfsberger AC",
            "code": "WAC"
          },
          "team2": {
            "key": "sturm",
            "name": "SK Sturm Graz",
            "code": "STU"
          },
          "score1": 1,
          "score2": 0
        },
        {
          "date": "2017-05-28",
          "team1": {
            "key": "ried",
            "name": "SV Ried",
            "code": "RIE"
          },
          "team2": {
            "key": "mattersburg",
            "name": "SV Mattersburg",
            "code": "MAT"
          },
          "score1": 2,
          "score2": 3
        }
      ]
    }
  ]
}