{
  "name": "Champions League (Europe) 2016/17",
  "clubs": [
    {
      "key": "brugge",
      "name": "Club Brugge",
      "code": null,
      "country": {
        "key": "be",
        "name": "Belgium"
      }
    },
    {
      "key": "ludogorets",
      "name": "Ludogorets",
      "code": null,
      "country": {
        "key": "bg",
        "name": "Bulgaria"
      }
    },
    {
      "key": "kobenhavn",
      "name": "København",
      "code": null,
      "country": {
        "key": "dk",
        "name": "Denmark"
      }
    },
    {
      "key": "psv",
      "name": "PSV Eindhoven",
      "code": null,
      "country": {
        "key": "nl",
        "name": "Netherlands"
      }
    },
    {
      "key": "porto",
      "name": "Porto",
      "code": null,
      "country": {
        "key": "pt",
        "name": "Portugal"
      }
    },
    {
      "key": "benfica",
      "name": "Benfica",
      "code": null,
      "country": {
        "key": "pt",
        "name": "Portugal"
      }
    },
    {
      "key": "sportinglisboa",
      "name": "Sporting Lisboa",
      "code": null,
      "country": {
        "key": "pt",
        "name": "Portugal"
      }
    },
    {
      "key": "cskamoskva",
      "name": "CSKA Moskva",
      "code": null,
      "country": {
        "key": "ru",
        "name": "Russia"
      }
    },
    {
      "key": "arsenaltula",
      "name": "Arsenal",
      "code": null,
      "country": {
        "key": "ru",
        "name": "Russia"
      }
    },
    {
      "key": "rostov",
      "name": "Rostov",
      "code": null,
      "country": {
        "key": "ru",
        "name": "Russia"
      }
    },
    {
      "key": "celtic",
      "name": "Celtic",
      "code": "CEL",
      "country": {
        "key": "sco",
        "name": "Scotland"
      }
    },
    {
      "key": "besiktas",
      "name": "Beşiktaş JK",
      "code": null,
      "country": {
        "key": "tr",
        "name": "Turkey"
      }
    },
    {
      "key": "kiew",
      "name": "Dynamo Kiew",
      "code": null,
      "country": {
        "key": "ua",
        "name": "Ukraine"
      }
    },
    {
      "key": "legiawarszawa",
      "name": "Legia",
      "code": null,
      "country": {
        "key": "pl",
        "name": "Poland"
      }
    },
    {
      "key": "zagreb",
      "name": "Dinamo Zagreb",
      "code": null,
      "country": {
        "key": "hr",
        "name": "Croatia"
      }
    },
    {
      "key": "barcelonaguayaquil",
      "name": "Barcelona",
      "code": null,
      "country": {
        "key": "ec",
        "name": "Ecuador"
      }
    },
    {
      "key": "bayern",
      "name": "FC Bayern München",
      "code": "FCB",
      "country": {
        "key": "de",
        "name": "Germany"
      }
    },
    {
      "key": "dortmund",
      "name": "Borussia Dortmund",
      "code": "BVB",
      "country": {
        "key": "de",
        "name": "Germany"
      }
    },
    {
      "key": "leverkusen",
      "name": "Bayer 04 Leverkusen",
      "code": "B04",
      "country": {
        "key": "de",
        "name": "Germany"
      }
    },
    {
      "key": "mgladbach",
      "name": "Borussia M'gladbach",
      "code": "BMG",
      "country": {
        "key": "de",
        "name": "Germany"
      }
    },
    {
      "key": "tottenham",
      "name": "Tottenham Hotspur",
      "code": "TOT",
      "country": {
        "key": "eng",
        "name": "England"
      }
    },
    {
      "key": "mancity",
      "name": "Manchester City",
      "code": "MCI",
      "country": {
        "key": "eng",
        "name": "England"
      }
    },
    {
      "key": "leicester",
      "name": "Leicester City",
      "code": "LEI",
      "country": {
        "key": "eng",
        "name": "England"
      }
    },
    {
      "key": "madrid",
      "name": "R. Madrid",
      "code": "RMD",
      "country": {
        "key": "es",
        "name": "Spain"
      }
    },
    {
      "key": "atletico",
      "name": "Atlético",
      "code": "ATL",
      "country": {
        "key": "es",
        "name": "Spain"
      }
    },
    {
      "key": "sevilla",
      "name": "Sevilla",
      "code": "SEV",
      "country": {
        "key": "es",
        "name": "Spain"
      }
    },
    {
      "key": "juventus",
      "name": "Juventus",
      "code": "JUV",
      "country": {
        "key": "it",
        "name": "Italy"
      }
    },
    {
      "key": "napoli",
      "name": "Napoli",
      "code": "NAP",
      "country": {
        "key": "it",
        "name": "Italy"
      }
    },
    {
      "key": "paris",
      "name": "Paris SG",
      "code": "PSG",
      "country": {
        "key": "fr",
        "name": "France"
      }
    },
    {
      "key": "lyon",
      "name": "Lyon",
      "code": "OL",
      "country": {
        "key": "fr",
        "name": "France"
      }
    },
    {
      "key": "monaco",
      "name": "AS Monaco",
      "code": "ASM",
      "country": {
        "key": "mc",
        "name": "Monaco"
      }
    },
    {
      "key": "basel",
      "name": "FC Basel 1893",
      "code": "BAS",
      "country": {
        "key": "ch",
        "name": "Switzerland"
      }
    }
  ]
}