{
  "name": "Österr. Bundesliga 2013/14",
  "rounds": [
    {
      "name": "1. Runde",
      "matches": [
        {
          "date": "2013-07-20",
          "team1": {
            "key": "austria",
            "name": "FK Austria Wien",
            "code": "AUS"
          },
          "team2": {
            "key": "admira",
            "name": "FC Admira Wacker",
            "code": "ADM"
          },
          "score1": 2,
          "score2": 0
        },
        {
          "date": "2013-07-20",
          "team1": {
            "key": "wrneustadt",
            "name": "SC Wiener Neustadt",
            "code": "WRN"
          },
          "team2": {
            "key": "salzburg",
            "name": "FC RB Salzburg",
            "code": "RBS"
          },
          "score1": 1,
          "score2": 5
        },
        {
          "date": "2013-07-20",
          "team1": {
            "key": "groedig",
            "name": "SV Grödig",
            "code": "SVG"
          },
          "team2": {
            "key": "ried",
            "name": "SV Ried",
            "code": "RIE"
          },
          "score1": 0,
          "score2": 0
        },
        {
          "date": "2013-07-20",
          "team1": {
            "key": "wac",
            "name": "Wolfsberger AC",
            "code": "WAC"
          },
          "team2": {
            "key": "rapid",
            "name": "SK Rapid Wien",
            "code": "RAP"
          },
          "score1": 2,
          "score2": 2
        },
        {
          "date": "2013-07-21",
          "team1": {
            "key": "innsbruck",
            "name": "FC Wacker Innsbruck",
            "code": "FCW"
          },
          "team2": {
            "key": "sturm",
            "name": "SK Sturm Graz",
            "code": "STU"
          },
          "score1": 2,
          "score2": 2
        }
      ]
    },
    {
      "name": "2. Runde",
      "matches": [
        {
          "date": "2013-07-27",
          "team1": {
            "key": "rapid",
            "name": "SK Rapid Wien",
            "code": "RAP"
          },
          "team2": {
            "key": "wrneustadt",
            "name": "SC Wiener Neustadt",
            "code": "WRN"
          },
          "score1": 4,
          "score2": 0
        },
        {
          "date": "2013-07-27",
          "team1": {
            "key": "admira",
            "name": "FC Admira Wacker",
            "code": "ADM"
          },
          "team2": {
            "key": "innsbruck",
            "name": "FC Wacker Innsbruck",
            "code": "FCW"
          },
          "score1": 1,
          "score2": 2
        },
        {
          "date": "2013-07-27",
          "team1": {
            "key": "ried",
            "name": "SV Ried",
            "code": "RIE"
          },
          "team2": {
            "key": "wac",
            "name": "Wolfsberger AC",
            "code": "WAC"
          },
          "score1": 1,
          "score2": 0
        },
        {
          "date": "2013-07-27",
          "team1": {
            "key": "salzburg",
            "name": "FC RB Salzburg",
            "code": "RBS"
          },
          "team2": {
            "key": "austria",
            "name": "FK Austria Wien",
            "code": "AUS"
          },
          "score1": 5,
          "score2": 1
        },
        {
          "date": "2013-07-28",
          "team1": {
            "key": "sturm",
            "name": "SK Sturm Graz",
            "code": "STU"
          },
          "team2": {
            "key": "groedig",
            "name": "SV Grödig",
            "code": "SVG"
          },
          "score1": 0,
          "score2": 2
        }
      ]
    },
    {
      "name": "3. Runde",
      "matches": [
        {
          "date": "2013-08-03",
          "team1": {
            "key": "wrneustadt",
            "name": "SC Wiener Neustadt",
            "code": "WRN"
          },
          "team2": {
            "key": "wac",
            "name": "Wolfsberger AC",
            "code": "WAC"
          },
          "score1": 2,
          "score2": 1
        },
        {
          "date": "2013-08-03",
          "team1": {
            "key": "groedig",
            "name": "SV Grödig",
            "code": "SVG"
          },
          "team2": {
            "key": "admira",
            "name": "FC Admira Wacker",
            "code": "ADM"
          },
          "score1": 7,
          "score2": 1
        },
        {
          "date": "2013-08-03",
          "team1": {
            "key": "innsbruck",
            "name": "FC Wacker Innsbruck",
            "code": "FCW"
          },
          "team2": {
            "key": "salzburg",
            "name": "FC RB Salzburg",
            "code": "RBS"
          },
          "score1": 1,
          "score2": 1
        },
        {
          "date": "2013-08-03",
          "team1": {
            "key": "austria",
            "name": "FK Austria Wien",
            "code": "AUS"
          },
          "team2": {
            "key": "ried",
            "name": "SV Ried",
            "code": "RIE"
          },
          "score1": 3,
          "score2": 3
        },
        {
          "date": "2013-08-04",
          "team1": {
            "key": "sturm",
            "name": "SK Sturm Graz",
            "code": "STU"
          },
          "team2": {
            "key": "rapid",
            "name": "SK Rapid Wien",
            "code": "RAP"
          },
          "score1": 2,
          "score2": 4
        }
      ]
    },
    {
      "name": "4. Runde",
      "matches": [
        {
          "date": "2013-08-10",
          "team1": {
            "key": "wac",
            "name": "Wolfsberger AC",
            "code": "WAC"
          },
          "team2": {
            "key": "innsbruck",
            "name": "FC Wacker Innsbruck",
            "code": "FCW"
          },
          "score1": 1,
          "score2": 1
        },
        {
          "date": "2013-08-10",
          "team1": {
            "key": "ried",
            "name": "SV Ried",
            "code": "RIE"
          },
          "team2": {
            "key": "wrneustadt",
            "name": "SC Wiener Neustadt",
            "code": "WRN"
          },
          "score1": 1,
          "score2": 1
        },
        {
          "date": "2013-08-10",
          "team1": {
            "key": "salzburg",
            "name": "FC RB Salzburg",
            "code": "RBS"
          },
          "team2": {
            "key": "groedig",
            "name": "SV Grödig",
            "code": "SVG"
          },
          "score1": 4,
          "score2": 1
        },
        {
          "date": "2013-08-10",
          "team1": {
            "key": "admira",
            "name": "FC Admira Wacker",
            "code": "ADM"
          },
          "team2": {
            "key": "sturm",
            "name": "SK Sturm Graz",
            "code": "STU"
          },
          "score1": 1,
          "score2": 1
        },
        {
          "date": "2013-08-11",
          "team1": {
            "key": "rapid",
            "name": "SK Rapid Wien",
            "code": "RAP"
          },
          "team2": {
            "key": "austria",
            "name": "FK Austria Wien",
            "code": "AUS"
          },
          "score1": 0,
          "score2": 0
        }
      ]
    },
    {
      "name": "5. Runde",
      "matches": [
        {
          "date": "2013-08-17",
          "team1": {
            "key": "sturm",
            "name": "SK Sturm Graz",
            "code": "STU"
          },
          "team2": {
            "key": "salzburg",
            "name": "FC RB Salzburg",
            "code": "RBS"
          },
          "score1": 1,
          "score2": 1
        },
        {
          "date": "2013-08-17",
          "team1": {
            "key": "groedig",
            "name": "SV Grödig",
            "code": "SVG"
          },
          "team2": {
            "key": "wac",
            "name": "Wolfsberger AC",
            "code": "WAC"
          },
          "score1": 4,
          "score2": 3
        },
        {
          "date": "2013-08-17",
          "team1": {
            "key": "innsbruck",
            "name": "FC Wacker Innsbruck",
            "code": "FCW"
          },
          "team2": {
            "key": "ried",
            "name": "SV Ried",
            "code": "RIE"
          },
          "score1": 2,
          "score2": 3
        },
        {
          "date": "2013-08-17",
          "team1": {
            "key": "austria",
            "name": "FK Austria Wien",
            "code": "AUS"
          },
          "team2": {
            "key": "wrneustadt",
            "name": "SC Wiener Neustadt",
            "code": "WRN"
          },
          "score1": 5,
          "score2": 0
        },
        {
          "date": "2013-08-18",
          "team1": {
            "key": "admira",
            "name": "FC Admira Wacker",
            "code": "ADM"
          },
          "team2": {
            "key": "rapid",
            "name": "SK Rapid Wien",
            "code": "RAP"
          },
          "score1": 2,
          "score2": 0
        }
      ]
    },
    {
      "name": "6. Runde",
      "matches": [
        {
          "date": "2013-08-24",
          "team1": {
            "key": "ried",
            "name": "SV Ried",
            "code": "RIE"
          },
          "team2": {
            "key": "sturm",
            "name": "SK Sturm Graz",
            "code": "STU"
          },
          "score1": 3,
          "score2": 0
        },
        {
          "date": "2013-08-24",
          "team1": {
            "key": "wrneustadt",
            "name": "SC Wiener Neustadt",
            "code": "WRN"
          },
          "team2": {
            "key": "innsbruck",
            "name": "FC Wacker Innsbruck",
            "code": "FCW"
          },
          "score1": 1,
          "score2": 1
        },
        {
          "date": "2013-08-24",
          "team1": {
            "key": "wac",
            "name": "Wolfsberger AC",
            "code": "WAC"
          },
          "team2": {
            "key": "austria",
            "name": "FK Austria Wien",
            "code": "AUS"
          },
          "score1": 1,
          "score2": 4
        },
        {
          "date": "2013-08-25",
          "team1": {
            "key": "rapid",
            "name": "SK Rapid Wien",
            "code": "RAP"
          },
          "team2": {
            "key": "groedig",
            "name": "SV Grödig",
            "code": "SVG"
          },
          "score1": 0,
          "score2": 1
        },
        {
          "date": "2013-08-25",
          "team1": {
            "key": "salzburg",
            "name": "FC RB Salzburg",
            "code": "RBS"
          },
          "team2": {
            "key": "admira",
            "name": "FC Admira Wacker",
            "code": "ADM"
          },
          "score1": 1,
          "score2": 0
        }
      ]
    },
    {
      "name": "7. Runde",
      "matches": [
        {
          "date": "2013-08-31",
          "team1": {
            "key": "sturm",
            "name": "SK Sturm Graz",
            "code": "STU"
          },
          "team2": {
            "key": "wac",
            "name": "Wolfsberger AC",
            "code": "WAC"
          },
          "score1": 4,
          "score2": 2
        },
        {
          "date": "2013-08-31",
          "team1": {
            "key": "groedig",
            "name": "SV Grödig",
            "code": "SVG"
          },
          "team2": {
            "key": "wrneustadt",
            "name": "SC Wiener Neustadt",
            "code": "WRN"
          },
          "score1": 3,
          "score2": 6
        },
        {
          "date": "2013-08-31",
          "team1": {
            "key": "austria",
            "name": "FK Austria Wien",
            "code": "AUS"
          },
          "team2": {
            "key": "innsbruck",
            "name": "FC Wacker Innsbruck",
            "code": "FCW"
          },
          "score1": 1,
          "score2": 1
        },
        {
          "date": "2013-08-31",
          "team1": {
            "key": "admira",
            "name": "FC Admira Wacker",
            "code": "ADM"
          },
          "team2": {
            "key": "ried",
            "name": "SV Ried",
            "code": "RIE"
          },
          "score1": 1,
          "score2": 4
        },
        {
          "date": "2013-09-01",
          "team1": {
            "key": "salzburg",
            "name": "FC RB Salzburg",
            "code": "RBS"
          },
          "team2": {
            "key": "rapid",
            "name": "SK Rapid Wien",
            "code": "RAP"
          },
          "score1": 1,
          "score2": 1
        }
      ]
    },
    {
      "name": "8. Runde",
      "matches": [
        {
          "date": "2013-09-14",
          "team1": {
            "key": "innsbruck",
            "name": "FC Wacker Innsbruck",
            "code": "FCW"
          },
          "team2": {
            "key": "rapid",
            "name": "SK Rapid Wien",
            "code": "RAP"
          },
          "score1": 0,
          "score2": 4
        },
        {
          "date": "2013-09-14",
          "team1": {
            "key": "wac",
            "name": "Wolfsberger AC",
            "code": "WAC"
          },
          "team2": {
            "key": "admira",
            "name": "FC Admira Wacker",
            "code": "ADM"
          },
          "score1": 3,
          "score2": 1
        },
        {
          "date": "2013-09-14",
          "team1": {
            "key": "wrneustadt",
            "name": "SC Wiener Neustadt",
            "code": "WRN"
          },
          "team2": {
            "key": "sturm",
            "name": "SK Sturm Graz",
            "code": "STU"
          },
          "score1": 1,
          "score2": 3
        },
        {
          "date": "2013-09-14",
          "team1": {
            "key": "austria",
            "name": "FK Austria Wien",
            "code": "AUS"
          },
          "team2": {
            "key": "groedig",
            "name": "SV Grödig",
            "code": "SVG"
          },
          "score1": 2,
          "score2": 3
        },
        {
          "date": "2013-09-15",
          "team1": {
            "key": "ried",
            "name": "SV Ried",
            "code": "RIE"
          },
          "team2": {
            "key": "salzburg",
            "name": "FC RB Salzburg",
            "code": "RBS"
          },
          "score1": 0,
          "score2": 5
        }
      ]
    },
    {
      "name": "9. Runde",
      "matches": [
        {
          "date": "2013-09-21",
          "team1": {
            "key": "groedig",
            "name": "SV Grödig",
            "code": "SVG"
          },
          "team2": {
            "key": "innsbruck",
            "name": "FC Wacker Innsbruck",
            "code": "FCW"
          },
          "score1": 3,
          "score2": 3
        },
        {
          "date": "2013-09-21",
          "team1": {
            "key": "sturm",
            "name": "SK Sturm Graz",
            "code": "STU"
          },
          "team2": {
            "key": "austria",
            "name": "FK Austria Wien",
            "code": "AUS"
          },
          "score1": 1,
          "score2": 2
        },
        {
          "date": "2013-09-21",
          "team1": {
            "key": "admira",
            "name": "FC Admira Wacker",
            "code": "ADM"
          },
          "team2": {
            "key": "wrneustadt",
            "name": "SC Wiener Neustadt",
            "code": "WRN"
          },
          "score1": 0,
          "score2": 3
        },
        {
          "date": "2013-09-22",
          "team1": {
            "key": "rapid",
            "name": "SK Rapid Wien",
            "code": "RAP"
          },
          "team2": {
            "key": "ried",
            "name": "SV Ried",
            "code": "RIE"
          },
          "score1": 2,
          "score2": 0
        },
        {
          "date": "2013-09-22",
          "team1": {
            "key": "salzburg",
            "name": "FC RB Salzburg",
            "code": "RBS"
          },
          "team2": {
            "key": "wac",
            "name": "Wolfsberger AC",
            "code": "WAC"
          },
          "score1": 2,
          "score2": 2
        }
      ]
    },
    {
      "name": "10. Runde",
      "matches": [
        {
          "date": "2013-09-28",
          "team1": {
            "key": "ried",
            "name": "SV Ried",
            "code": "RIE"
          },
          "team2": {
            "key": "groedig",
            "name": "SV Grödig",
            "code": "SVG"
          },
          "score1": 4,
          "score2": 2
        },
        {
          "date": "2013-09-28",
          "team1": {
            "key": "sturm",
            "name": "SK Sturm Graz",
            "code": "STU"
          },
          "team2": {
            "key": "innsbruck",
            "name": "FC Wacker Innsbruck",
            "code": "FCW"
          },
          "score1": 1,
          "score2": 0
        },
        {
          "date": "2013-09-28",
          "team1": {
            "key": "rapid",
            "name": "SK Rapid Wien",
            "code": "RAP"
          },
          "team2": {
            "key": "wac",
            "name": "Wolfsberger AC",
            "code": "WAC"
          },
          "score1": 2,
          "score2": 4
        },
        {
          "date": "2013-09-28",
          "team1": {
            "key": "admira",
            "name": "FC Admira Wacker",
            "code": "ADM"
          },
          "team2": {
            "key": "austria",
            "name": "FK Austria Wien",
            "code": "AUS"
          },
          "score1": 1,
          "score2": 0
        },
        {
          "date": "2013-09-29",
          "team1": {
            "key": "salzburg",
            "name": "FC RB Salzburg",
            "code": "RBS"
          },
          "team2": {
            "key": "wrneustadt",
            "name": "SC Wiener Neustadt",
            "code": "WRN"
          },
          "score1": 8,
          "score2": 1
        }
      ]
    },
    {
      "name": "11. Runde",
      "matches": [
        {
          "date": "2013-10-05",
          "team1": {
            "key": "wac",
            "name": "Wolfsberger AC",
            "code": "WAC"
          },
          "team2": {
            "key": "ried",
            "name": "SV Ried",
            "code": "RIE"
          },
          "score1": 1,
          "score2": 1
        },
        {
          "date": "2013-10-05",
          "team1": {
            "key": "groedig",
            "name": "SV Grödig",
            "code": "SVG"
          },
          "team2": {
            "key": "sturm",
            "name": "SK Sturm Graz",
            "code": "STU"
          },
          "score1": 0,
          "score2": 1
        },
        {
          "date": "2013-10-05",
          "team1": {
            "key": "innsbruck",
            "name": "FC Wacker Innsbruck",
            "code": "FCW"
          },
          "team2": {
            "key": "admira",
            "name": "FC Admira Wacker",
            "code": "ADM"
          },
          "score1": 3,
          "score2": 3
        },
        {
          "date": "2013-10-06",
          "team1": {
            "key": "austria",
            "name": "FK Austria Wien",
            "code": "AUS"
          },
          "team2": {
            "key": "salzburg",
            "name": "FC RB Salzburg",
            "code": "RBS"
          },
          "score1": 1,
          "score2": 2
        },
        {
          "date": "2013-10-06",
          "team1": {
            "key": "wrneustadt",
            "name": "SC Wiener Neustadt",
            "code": "WRN"
          },
          "team2": {
            "key": "rapid",
            "name": "SK Rapid Wien",
            "code": "RAP"
          },
          "score1": 0,
          "score2": 0
        }
      ]
    },
    {
      "name": "12. Runde",
      "matches": [
        {
          "date": "2013-10-19",
          "team1": {
            "key": "admira",
            "name": "FC Admira Wacker",
            "code": "ADM"
          },
          "team2": {
            "key": "groedig",
            "name": "SV Grödig",
            "code": "SVG"
          },
          "score1": 0,
          "score2": 4
        },
        {
          "date": "2013-10-19",
          "team1": {
            "key": "salzburg",
            "name": "FC RB Salzburg",
            "code": "RBS"
          },
          "team2": {
            "key": "innsbruck",
            "name": "FC Wacker Innsbruck",
            "code": "FCW"
          },
          "score1": 6,
          "score2": 0
        },
        {
          "date": "2013-10-19",
          "team1": {
            "key": "wac",
            "name": "Wolfsberger AC",
            "code": "WAC"
          },
          "team2": {
            "key": "wrneustadt",
            "name": "SC Wiener Neustadt",
            "code": "WRN"
          },
          "score1": 1,
          "score2": 1
        },
        {
          "date": "2013-10-19",
          "team1": {
            "key": "ried",
            "name": "SV Ried",
            "code": "RIE"
          },
          "team2": {
            "key": "austria",
            "name": "FK Austria Wien",
            "code": "AUS"
          },
          "score1": 1,
          "score2": 1
        },
        {
          "date": "2013-10-20",
          "team1": {
            "key": "rapid",
            "name": "SK Rapid Wien",
            "code": "RAP"
          },
          "team2": {
            "key": "sturm",
            "name": "SK Sturm Graz",
            "code": "STU"
          },
          "score1": 2,
          "score2": 2
        }
      ]
    },
    {
      "name": "13. Runde",
      "matches": [
        {
          "date": "2013-10-26",
          "team1": {
            "key": "wrneustadt",
            "name": "SC Wiener Neustadt",
            "code": "WRN"
          },
          "team2": {
            "key": "ried",
            "name": "SV Ried",
            "code": "RIE"
          },
          "score1": 3,
          "score2": 3
        },
        {
          "date": "2013-10-26",
          "team1": {
            "key": "innsbruck",
            "name": "FC Wacker Innsbruck",
            "code": "FCW"
          },
          "team2": {
            "key": "wac",
            "name": "Wolfsberger AC",
            "code": "WAC"
          },
          "score1": 1,
          "score2": 2
        },
        {
          "date": "2013-10-26",
          "team1": {
            "key": "sturm",
            "name": "SK Sturm Graz",
            "code": "STU"
          },
          "team2": {
            "key": "admira",
            "name": "FC Admira Wacker",
            "code": "ADM"
          },
          "score1": 0,
          "score2": 2
        },
        {
          "date": "2013-10-27",
          "team1": {
            "key": "austria",
            "name": "FK Austria Wien",
            "code": "AUS"
          },
          "team2": {
            "key": "rapid",
            "name": "SK Rapid Wien",
            "code": "RAP"
          },
          "score1": 0,
          "score2": 1
        },
        {
          "date": "2013-10-27",
          "team1": {
            "key": "groedig",
            "name": "SV Grödig",
            "code": "SVG"
          },
          "team2": {
            "key": "salzburg",
            "name": "FC RB Salzburg",
            "code": "RBS"
          },
          "score1": 0,
          "score2": 3
        }
      ]
    },
    {
      "name": "14. Runde",
      "matches": [
        {
          "date": "2013-11-02",
          "team1": {
            "key": "wac",
            "name": "Wolfsberger AC",
            "code": "WAC"
          },
          "team2": {
            "key": "groedig",
            "name": "SV Grödig",
            "code": "SVG"
          },
          "score1": 1,
          "score2": 1
        },
        {
          "date": "2013-11-02",
          "team1": {
            "key": "ried",
            "name": "SV Ried",
            "code": "RIE"
          },
          "team2": {
            "key": "innsbruck",
            "name": "FC Wacker Innsbruck",
            "code": "FCW"
          },
          "score1": 4,
          "score2": 0
        },
        {
          "date": "2013-11-02",
          "team1": {
            "key": "salzburg",
            "name": "FC RB Salzburg",
            "code": "RBS"
          },
          "team2": {
            "key": "sturm",
            "name": "SK Sturm Graz",
            "code": "STU"
          },
          "score1": 1,
          "score2": 0
        },
        {
          "date": "2013-11-02",
          "team1": {
            "key": "rapid",
            "name": "SK Rapid Wien",
            "code": "RAP"
          },
          "team2": {
            "key": "admira",
            "name": "FC Admira Wacker",
            "code": "ADM"
          },
          "score1": 4,
          "score2": 2
        },
        {
          "date": "2013-11-03",
          "team1": {
            "key": "wrneustadt",
            "name": "SC Wiener Neustadt",
            "code": "WRN"
          },
          "team2": {
            "key": "austria",
            "name": "FK Austria Wien",
            "code": "AUS"
          },
          "score1": 0,
          "score2": 3
        }
      ]
    },
    {
      "name": "15. Runde",
      "matches": [
        {
          "date": "2013-11-09",
          "team1": {
            "key": "austria",
            "name": "FK Austria Wien",
            "code": "AUS"
          },
          "team2": {
            "key": "wac",
            "name": "Wolfsberger AC",
            "code": "WAC"
          },
          "score1": 1,
          "score2": 0
        },
        {
          "date": "2013-11-09",
          "team1": {
            "key": "innsbruck",
            "name": "FC Wacker Innsbruck",
            "code": "FCW"
          },
          "team2": {
            "key": "wrneustadt",
            "name": "SC Wiener Neustadt",
            "code": "WRN"
          },
          "score1": 4,
          "score2": 0
        },
        {
          "date": "2013-11-10",
          "team1": {
            "key": "groedig",
            "name": "SV Grödig",
            "code": "SVG"
          },
          "team2": {
            "key": "rapid",
            "name": "SK Rapid Wien",
            "code": "RAP"
          },
          "score1": 2,
          "score2": 2
        },
        {
          "date": "2013-11-10",
          "team1": {
            "key": "admira",
            "name": "FC Admira Wacker",
            "code": "ADM"
          },
          "team2": {
            "key": "salzburg",
            "name": "FC RB Salzburg",
            "code": "RBS"
          },
          "score1": 3,
          "score2": 1
        },
        {
          "date": "2013-11-27",
          "team1": {
            "key": "sturm",
            "name": "SK Sturm Graz",
            "code": "STU"
          },
          "team2": {
            "key": "ried",
            "name": "SV Ried",
            "code": "RIE"
          },
          "score1": 2,
          "score2": 0
        }
      ]
    },
    {
      "name": "16. Runde",
      "matches": [
        {
          "date": "2013-11-23",
          "team1": {
            "key": "wrneustadt",
            "name": "SC Wiener Neustadt",
            "code": "WRN"
          },
          "team2": {
            "key": "groedig",
            "name": "SV Grödig",
            "code": "SVG"
          },
          "score1": 0,
          "score2": 2
        },
        {
          "date": "2013-11-23",
          "team1": {
            "key": "innsbruck",
            "name": "FC Wacker Innsbruck",
            "code": "FCW"
          },
          "team2": {
            "key": "austria",
            "name": "FK Austria Wien",
            "code": "AUS"
          },
          "score1": 0,
          "score2": 5
        },
        {
          "date": "2013-11-23",
          "team1": {
            "key": "ried",
            "name": "SV Ried",
            "code": "RIE"
          },
          "team2": {
            "key": "admira",
            "name": "FC Admira Wacker",
            "code": "ADM"
          },
          "score1": 2,
          "score2": 2
        },
        {
          "date": "2013-11-24",
          "team1": {
            "key": "rapid",
            "name": "SK Rapid Wien",
            "code": "RAP"
          },
          "team2": {
            "key": "salzburg",
            "name": "FC RB Salzburg",
            "code": "RBS"
          },
          "score1": 2,
          "score2": 1
        },
        {
          "date": "2013-12-11",
          "team1": {
            "key": "wac",
            "name": "Wolfsberger AC",
            "code": "WAC"
          },
          "team2": {
            "key": "sturm",
            "name": "SK Sturm Graz",
            "code": "STU"
          },
          "score1": 2,
          "score2": 1
        }
      ]
    },
    {
      "name": "17. Runde",
      "matches": [
        {
          "date": "2013-11-30",
          "team1": {
            "key": "admira",
            "name": "FC Admira Wacker",
            "code": "ADM"
          },
          "team2": {
            "key": "wac",
            "name": "Wolfsberger AC",
            "code": "WAC"
          },
          "score1": 3,
          "score2": 0
        },
        {
          "date": "2013-11-30",
          "team1": {
            "key": "sturm",
            "name": "SK Sturm Graz",
            "code": "STU"
          },
          "team2": {
            "key": "wrneustadt",
            "name": "SC Wiener Neustadt",
            "code": "WRN"
          },
          "score1": 2,
          "score2": 3
        },
        {
          "date": "2013-11-30",
          "team1": {
            "key": "groedig",
            "name": "SV Grödig",
            "code": "SVG"
          },
          "team2": {
            "key": "austria",
            "name": "FK Austria Wien",
            "code": "AUS"
          },
          "score1": 1,
          "score2": 0
        },
        {
          "date": "2013-12-01",
          "team1": {
            "key": "salzburg",
            "name": "FC RB Salzburg",
            "code": "RBS"
          },
          "team2": {
            "key": "ried",
            "name": "SV Ried",
            "code": "RIE"
          },
          "score1": 4,
          "score2": 0
        },
        {
          "date": "2013-12-01",
          "team1": {
            "key": "rapid",
            "name": "SK Rapid Wien",
            "code": "RAP"
          },
          "team2": {
            "key": "innsbruck",
            "name": "FC Wacker Innsbruck",
            "code": "FCW"
          },
          "score1": 3,
          "score2": 0
        }
      ]
    },
    {
      "name": "18. Runde",
      "matches": [
        {
          "date": "2013-12-03",
          "team1": {
            "key": "austria",
            "name": "FK Austria Wien",
            "code": "AUS"
          },
          "team2": {
            "key": "sturm",
            "name": "SK Sturm Graz",
            "code": "STU"
          },
          "score1": 3,
          "score2": 2
        },
        {
          "date": "2013-12-04",
          "team1": {
            "key": "innsbruck",
            "name": "FC Wacker Innsbruck",
            "code": "FCW"
          },
          "team2": {
            "key": "groedig",
            "name": "SV Grödig",
            "code": "SVG"
          },
          "score1": 5,
          "score2": 3
        },
        {
          "date": "2013-12-04",
          "team1": {
            "key": "ried",
            "name": "SV Ried",
            "code": "RIE"
          },
          "team2": {
            "key": "rapid",
            "name": "SK Rapid Wien",
            "code": "RAP"
          },
          "score1": 2,
          "score2": 0
        },
        {
          "date": "2013-12-04",
          "team1": {
            "key": "wac",
            "name": "Wolfsberger AC",
            "code": "WAC"
          },
          "team2": {
            "key": "salzburg",
            "name": "FC RB Salzburg",
            "code": "RBS"
          },
          "score1": 1,
          "score2": 2
        },
        {
          "date": "2013-12-04",
          "team1": {
            "key": "wrneustadt",
            "name": "SC Wiener Neustadt",
            "code": "WRN"
          },
          "team2": {
            "key": "admira",
            "name": "FC Admira Wacker",
            "code": "ADM"
          },
          "score1": 1,
          "score2": 0
        }
      ]
    },
    {
      "name": "19. Runde",
      "matches": [
        {
          "date": "2013-12-07",
          "team1": {
            "key": "groedig",
            "name": "SV Grödig",
            "code": "SVG"
          },
          "team2": {
            "key": "ried",
            "name": "SV Ried",
            "code": "RIE"
          },
          "score1": 3,
          "score2": 0
        },
        {
          "date": "2013-12-07",
          "team1": {
            "key": "innsbruck",
            "name": "FC Wacker Innsbruck",
            "code": "FCW"
          },
          "team2": {
            "key": "sturm",
            "name": "SK Sturm Graz",
            "code": "STU"
          },
          "score1": 0,
          "score2": 1
        },
        {
          "date": "2013-12-07",
          "team1": {
            "key": "austria",
            "name": "FK Austria Wien",
            "code": "AUS"
          },
          "team2": {
            "key": "admira",
            "name": "FC Admira Wacker",
            "code": "ADM"
          },
          "score1": 2,
          "score2": 2
        },
        {
          "date": "2013-12-08",
          "team1": {
            "key": "wac",
            "name": "Wolfsberger AC",
            "code": "WAC"
          },
          "team2": {
            "key": "rapid",
            "name": "SK Rapid Wien",
            "code": "RAP"
          },
          "score1": 2,
          "score2": 1
        },
        {
          "date": "2014-02-02",
          "team1": {
            "key": "wrneustadt",
            "name": "SC Wiener Neustadt",
            "code": "WRN"
          },
          "team2": {
            "key": "salzburg",
            "name": "FC RB Salzburg",
            "code": "RBS"
          },
          "score1": 1,
          "score2": 5
        }
      ]
    },
    {
      "name": "20. Runde",
      "matches": [
        {
          "date": "2013-12-14",
          "team1": {
            "key": "ried",
            "name": "SV Ried",
            "code": "RIE"
          },
          "team2": {
            "key": "wac",
            "name": "Wolfsberger AC",
            "code": "WAC"
          },
          "score1": 1,
          "score2": 3
        },
        {
          "date": "2013-12-14",
          "team1": {
            "key": "sturm",
            "name": "SK Sturm Graz",
            "code": "STU"
          },
          "team2": {
            "key": "groedig",
            "name": "SV Grödig",
            "code": "SVG"
          },
          "score1": 2,
          "score2": 2
        },
        {
          "date": "2013-12-14",
          "team1": {
            "key": "admira",
            "name": "FC Admira Wacker",
            "code": "ADM"
          },
          "team2": {
            "key": "innsbruck",
            "name": "FC Wacker Innsbruck",
            "code": "FCW"
          },
          "score1": 3,
          "score2": 0
        },
        {
          "date": "2013-12-15",
          "team1": {
            "key": "salzburg",
            "name": "FC RB Salzburg",
            "code": "RBS"
          },
          "team2": {
            "key": "austria",
            "name": "FK Austria Wien",
            "code": "AUS"
          },
          "score1": 4,
          "score2": 0
        },
        {
          "date": "2013-12-15",
          "team1": {
            "key": "rapid",
            "name": "SK Rapid Wien",
            "code": "RAP"
          },
          "team2": {
            "key": "wrneustadt",
            "name": "SC Wiener Neustadt",
            "code": "WRN"
          },
          "score1": 0,
          "score2": 0
        }
      ]
    },
    {
      "name": "21. Runde",
      "matches": [
        {
          "date": "2013-12-17",
          "team1": {
            "key": "groedig",
            "name": "SV Grödig",
            "code": "SVG"
          },
          "team2": {
            "key": "admira",
            "name": "FC Admira Wacker",
            "code": "ADM"
          },
          "score1": 2,
          "score2": 1
        },
        {
          "date": "2013-12-18",
          "team1": {
            "key": "innsbruck",
            "name": "FC Wacker Innsbruck",
            "code": "FCW"
          },
          "team2": {
            "key": "salzburg",
            "name": "FC RB Salzburg",
            "code": "RBS"
          },
          "score1": 0,
          "score2": 1
        },
        {
          "date": "2013-12-18",
          "team1": {
            "key": "sturm",
            "name": "SK Sturm Graz",
            "code": "STU"
          },
          "team2": {
            "key": "rapid",
            "name": "SK Rapid Wien",
            "code": "RAP"
          },
          "score1": 2,
          "score2": 0
        },
        {
          "date": "2013-12-18",
          "team1": {
            "key": "wrneustadt",
            "name": "SC Wiener Neustadt",
            "code": "WRN"
          },
          "team2": {
            "key": "wac",
            "name": "Wolfsberger AC",
            "code": "WAC"
          },
          "score1": 1,
          "score2": 1
        },
        {
          "date": "2013-12-18",
          "team1": {
            "key": "austria",
            "name": "FK Austria Wien",
            "code": "AUS"
          },
          "team2": {
            "key": "ried",
            "name": "SV Ried",
            "code": "RIE"
          },
          "score1": 1,
          "score2": 1
        }
      ]
    },
    {
      "name": "22. Runde",
      "matches": [
        {
          "date": "2014-02-08",
          "team1": {
            "key": "ried",
            "name": "SV Ried",
            "code": "RIE"
          },
          "team2": {
            "key": "wrneustadt",
            "name": "SC Wiener Neustadt",
            "code": "WRN"
          },
          "score1": 2,
          "score2": 1
        },
        {
          "date": "2014-02-08",
          "team1": {
            "key": "wac",
            "name": "Wolfsberger AC",
            "code": "WAC"
          },
          "team2": {
            "key": "innsbruck",
            "name": "FC Wacker Innsbruck",
            "code": "FCW"
          },
          "score1": 3,
          "score2": 2
        },
        {
          "date": "2014-02-08",
          "team1": {
            "key": "salzburg",
            "name": "FC RB Salzburg",
            "code": "RBS"
          },
          "team2": {
            "key": "groedig",
            "name": "SV Grödig",
            "code": "SVG"
          },
          "score1": 6,
          "score2": 0
        },
        {
          "date": "2014-02-08",
          "team1": {
            "key": "admira",
            "name": "FC Admira Wacker",
            "code": "ADM"
          },
          "team2": {
            "key": "sturm",
            "name": "SK Sturm Graz",
            "code": "STU"
          },
          "score1": 1,
          "score2": 1
        },
        {
          "date": "2014-02-09",
          "team1": {
            "key": "rapid",
            "name": "SK Rapid Wien",
            "code": "RAP"
          },
          "team2": {
            "key": "austria",
            "name": "FK Austria Wien",
            "code": "AUS"
          },
          "score1": 3,
          "score2": 1
        }
      ]
    },
    {
      "name": "23. Runde",
      "matches": [
        {
          "date": "2014-02-15",
          "team1": {
            "key": "groedig",
            "name": "SV Grödig",
            "code": "SVG"
          },
          "team2": {
            "key": "wac",
            "name": "Wolfsberger AC",
            "code": "WAC"
          },
          "score1": 3,
          "score2": 0
        },
        {
          "date": "2014-02-15",
          "team1": {
            "key": "innsbruck",
            "name": "FC Wacker Innsbruck",
            "code": "FCW"
          },
          "team2": {
            "key": "ried",
            "name": "SV Ried",
            "code": "RIE"
          },
          "score1": 1,
          "score2": 1
        },
        {
          "date": "2014-02-15",
          "team1": {
            "key": "sturm",
            "name": "SK Sturm Graz",
            "code": "STU"
          },
          "team2": {
            "key": "salzburg",
            "name": "FC RB Salzburg",
            "code": "RBS"
          },
          "score1": 1,
          "score2": 4
        },
        {
          "date": "2014-02-15",
          "team1": {
            "key": "austria",
            "name": "FK Austria Wien",
            "code": "AUS"
          },
          "team2": {
            "key": "wrneustadt",
            "name": "SC Wiener Neustadt",
            "code": "WRN"
          },
          "score1": 1,
          "score2": 1
        },
        {
          "date": "2014-02-16",
          "team1": {
            "key": "admira",
            "name": "FC Admira Wacker",
            "code": "ADM"
          },
          "team2": {
            "key": "rapid",
            "name": "SK Rapid Wien",
            "code": "RAP"
          },
          "score1": 2,
          "score2": 1
        }
      ]
    },
    {
      "name": "24. Runde",
      "matches": [
        {
          "date": "2014-02-22",
          "team1": {
            "key": "ried",
            "name": "SV Ried",
            "code": "RIE"
          },
          "team2": {
            "key": "sturm",
            "name": "SK Sturm Graz",
            "code": "STU"
          },
          "score1": 2,
          "score2": 2
        },
        {
          "date": "2014-02-22",
          "team1": {
            "key": "wac",
            "name": "Wolfsberger AC",
            "code": "WAC"
          },
          "team2": {
            "key": "austria",
            "name": "FK Austria Wien",
            "code": "AUS"
          },
          "score1": 0,
          "score2": 0
        },
        {
          "date": "2014-02-22",
          "team1": {
            "key": "rapid",
            "name": "SK Rapid Wien",
            "code": "RAP"
          },
          "team2": {
            "key": "groedig",
            "name": "SV Grödig",
            "code": "SVG"
          },
          "score1": 0,
          "score2": 0
        },
        {
          "date": "2014-02-22",
          "team1": {
            "key": "wrneustadt",
            "name": "SC Wiener Neustadt",
            "code": "WRN"
          },
          "team2": {
            "key": "innsbruck",
            "name": "FC Wacker Innsbruck",
            "code": "FCW"
          },
          "score1": 1,
          "score2": 0
        },
        {
          "date": "2014-02-23",
          "team1": {
            "key": "salzburg",
            "name": "FC RB Salzburg",
            "code": "RBS"
          },
          "team2": {
            "key": "admira",
            "name": "FC Admira Wacker",
            "code": "ADM"
          },
          "score1": 6,
          "score2": 1
        }
      ]
    },
    {
      "name": "25. Runde",
      "matches": [
        {
          "date": "2014-03-01",
          "team1": {
            "key": "groedig",
            "name": "SV Grödig",
            "code": "SVG"
          },
          "team2": {
            "key": "wrneustadt",
            "name": "SC Wiener Neustadt",
            "code": "WRN"
          },
          "score1": 1,
          "score2": 2
        },
        {
          "date": "2014-03-01",
          "team1": {
            "key": "sturm",
            "name": "SK Sturm Graz",
            "code": "STU"
          },
          "team2": {
            "key": "wac",
            "name": "Wolfsberger AC",
            "code": "WAC"
          },
          "score1": 1,
          "score2": 4
        },
        {
          "date": "2014-03-01",
          "team1": {
            "key": "austria",
            "name": "FK Austria Wien",
            "code": "AUS"
          },
          "team2": {
            "key": "innsbruck",
            "name": "FC Wacker Innsbruck",
            "code": "FCW"
          },
          "score1": 2,
          "score2": 1
        },
        {
          "date": "2014-03-01",
          "team1": {
            "key": "admira",
            "name": "FC Admira Wacker",
            "code": "ADM"
          },
          "team2": {
            "key": "ried",
            "name": "SV Ried",
            "code": "RIE"
          },
          "score1": 2,
          "score2": 2
        },
        {
          "date": "2014-03-02",
          "team1": {
            "key": "salzburg",
            "name": "FC RB Salzburg",
            "code": "RBS"
          },
          "team2": {
            "key": "rapid",
            "name": "SK Rapid Wien",
            "code": "RAP"
          },
          "score1": 6,
          "score2": 3
        }
      ]
    },
    {
      "name": "26. Runde",
      "matches": [
        {
          "date": "2014-03-08",
          "team1": {
            "key": "ried",
            "name": "SV Ried",
            "code": "RIE"
          },
          "team2": {
            "key": "salzburg",
            "name": "FC RB Salzburg",
            "code": "RBS"
          },
          "score1": 1,
          "score2": 3
        },
        {
          "date": "2014-03-08",
          "team1": {
            "key": "wac",
            "name": "Wolfsberger AC",
            "code": "WAC"
          },
          "team2": {
            "key": "admira",
            "name": "FC Admira Wacker",
            "code": "ADM"
          },
          "score1": 2,
          "score2": 3
        },
        {
          "date": "2014-03-08",
          "team1": {
            "key": "wrneustadt",
            "name": "SC Wiener Neustadt",
            "code": "WRN"
          },
          "team2": {
            "key": "sturm",
            "name": "SK Sturm Graz",
            "code": "STU"
          },
          "score1": 2,
          "score2": 1
        },
        {
          "date": "2014-03-08",
          "team1": {
            "key": "austria",
            "name": "FK Austria Wien",
            "code": "AUS"
          },
          "team2": {
            "key": "groedig",
            "name": "SV Grödig",
            "code": "SVG"
          },
          "score1": 2,
          "score2": 0
        },
        {
          "date": "2014-03-09",
          "team1": {
            "key": "innsbruck",
            "name": "FC Wacker Innsbruck",
            "code": "FCW"
          },
          "team2": {
            "key": "rapid",
            "name": "SK Rapid Wien",
            "code": "RAP"
          },
          "score1": 1,
          "score2": 1
        }
      ]
    },
    {
      "name": "27. Runde",
      "matches": [
        {
          "date": "2014-03-15",
          "team1": {
            "key": "groedig",
            "name": "SV Grödig",
            "code": "SVG"
          },
          "team2": {
            "key": "innsbruck",
            "name": "FC Wacker Innsbruck",
            "code": "FCW"
          },
          "score1": 1,
          "score2": 1
        },
        {
          "date": "2014-03-15",
          "team1": {
            "key": "rapid",
            "name": "SK Rapid Wien",
            "code": "RAP"
          },
          "team2": {
            "key": "ried",
            "name": "SV Ried",
            "code": "RIE"
          },
          "score1": 1,
          "score2": 0
        },
        {
          "date": "2014-03-15",
          "team1": {
            "key": "admira",
            "name": "FC Admira Wacker",
            "code": "ADM"
          },
          "team2": {
            "key": "wrneustadt",
            "name": "SC Wiener Neustadt",
            "code": "WRN"
          },
          "score1": 3,
          "score2": 0
        },
        {
          "date": "2014-03-15",
          "team1": {
            "key": "sturm",
            "name": "SK Sturm Graz",
            "code": "STU"
          },
          "team2": {
            "key": "austria",
            "name": "FK Austria Wien",
            "code": "AUS"
          },
          "score1": 1,
          "score2": 1
        },
        {
          "date": "2014-03-16",
          "team1": {
            "key": "salzburg",
            "name": "FC RB Salzburg",
            "code": "RBS"
          },
          "team2": {
            "key": "wac",
            "name": "Wolfsberger AC",
            "code": "WAC"
          },
          "score1": 5,
          "score2": 0
        }
      ]
    },
    {
      "name": "28. Runde",
      "matches": [
        {
          "date": "2014-03-22",
          "team1": {
            "key": "ried",
            "name": "SV Ried",
            "code": "RIE"
          },
          "team2": {
            "key": "groedig",
            "name": "SV Grödig",
            "code": "SVG"
          },
          "score1": 1,
          "score2": 4
        },
        {
          "date": "2014-03-22",
          "team1": {
            "key": "sturm",
            "name": "SK Sturm Graz",
            "code": "STU"
          },
          "team2": {
            "key": "innsbruck",
            "name": "FC Wacker Innsbruck",
            "code": "FCW"
          },
          "score1": 3,
          "score2": 1
        },
        {
          "date": "2014-03-22",
          "team1": {
            "key": "rapid",
            "name": "SK Rapid Wien",
            "code": "RAP"
          },
          "team2": {
            "key": "wac",
            "name": "Wolfsberger AC",
            "code": "WAC"
          },
          "score1": 3,
          "score2": 0
        },
        {
          "date": "2014-03-22",
          "team1": {
            "key": "admira",
            "name": "FC Admira Wacker",
            "code": "ADM"
          },
          "team2": {
            "key": "austria",
            "name": "FK Austria Wien",
            "code": "AUS"
          },
          "score1": 0,
          "score2": 1
        },
        {
          "date": "2014-03-23",
          "team1": {
            "key": "salzburg",
            "name": "FC RB Salzburg",
            "code": "RBS"
          },
          "team2": {
            "key": "wrneustadt",
            "name": "SC Wiener Neustadt",
            "code": "WRN"
          },
          "score1": 5,
          "score2": 0
        }
      ]
    },
    {
      "name": "29. Runde",
      "matches": [
        {
          "date": "2014-03-25",
          "team1": {
            "key": "innsbruck",
            "name": "FC Wacker Innsbruck",
            "code": "FCW"
          },
          "team2": {
            "key": "admira",
            "name": "FC Admira Wacker",
            "code": "ADM"
          },
          "score1": 0,
          "score2": 0
        },
        {
          "date": "2014-03-26",
          "team1": {
            "key": "wac",
            "name": "Wolfsberger AC",
            "code": "WAC"
          },
          "team2": {
            "key": "ried",
            "name": "SV Ried",
            "code": "RIE"
          },
          "score1": 0,
          "score2": 2
        },
        {
          "date": "2014-03-26",
          "team1": {
            "key": "groedig",
            "name": "SV Grödig",
            "code": "SVG"
          },
          "team2": {
            "key": "sturm",
            "name": "SK Sturm Graz",
            "code": "STU"
          },
          "score1": 0,
          "score2": 6
        },
        {
          "date": "2014-03-26",
          "team1": {
            "key": "wrneustadt",
            "name": "SC Wiener Neustadt",
            "code": "WRN"
          },
          "team2": {
            "key": "rapid",
            "name": "SK Rapid Wien",
            "code": "RAP"
          },
          "score1": 0,
          "score2": 3
        },
        {
          "date": "2014-03-26",
          "team1": {
            "key": "austria",
            "name": "FK Austria Wien",
            "code": "AUS"
          },
          "team2": {
            "key": "salzburg",
            "name": "FC RB Salzburg",
            "code": "RBS"
          },
          "score1": 3,
          "score2": 0
        }
      ]
    },
    {
      "name": "30. Runde",
      "matches": [
        {
          "date": "2014-03-29",
          "team1": {
            "key": "admira",
            "name": "FC Admira Wacker",
            "code": "ADM"
          },
          "team2": {
            "key": "groedig",
            "name": "SV Grödig",
            "code": "SVG"
          },
          "score1": 4,
          "score2": 0
        },
        {
          "date": "2014-03-29",
          "team1": {
            "key": "salzburg",
            "name": "FC RB Salzburg",
            "code": "RBS"
          },
          "team2": {
            "key": "innsbruck",
            "name": "FC Wacker Innsbruck",
            "code": "FCW"
          },
          "score1": 0,
          "score2": 0
        },
        {
          "date": "2014-03-29",
          "team1": {
            "key": "rapid",
            "name": "SK Rapid Wien",
            "code": "RAP"
          },
          "team2": {
            "key": "sturm",
            "name": "SK Sturm Graz",
            "code": "STU"
          },
          "score1": 2,
          "score2": 0
        },
        {
          "date": "2014-03-29",
          "team1": {
            "key": "wac",
            "name": "Wolfsberger AC",
            "code": "WAC"
          },
          "team2": {
            "key": "wrneustadt",
            "name": "SC Wiener Neustadt",
            "code": "WRN"
          },
          "score1": 4,
          "score2": 0
        },
        {
          "date": "2014-03-30",
          "team1": {
            "key": "ried",
            "name": "SV Ried",
            "code": "RIE"
          },
          "team2": {
            "key": "austria",
            "name": "FK Austria Wien",
            "code": "AUS"
          },
          "score1": 2,
          "score2": 2
        }
      ]
    },
    {
      "name": "31. Runde",
      "matches": [
        {
          "date": "2014-04-05",
          "team1": {
            "key": "wrneustadt",
            "name": "SC Wiener Neustadt",
            "code": "WRN"
          },
          "team2": {
            "key": "ried",
            "name": "SV Ried",
            "code": "RIE"
          },
          "score1": 1,
          "score2": 1
        },
        {
          "date": "2014-04-05",
          "team1": {
            "key": "innsbruck",
            "name": "FC Wacker Innsbruck",
            "code": "FCW"
          },
          "team2": {
            "key": "wac",
            "name": "Wolfsberger AC",
            "code": "WAC"
          },
          "score1": 0,
          "score2": 1
        },
        {
          "date": "2014-04-05",
          "team1": {
            "key": "groedig",
            "name": "SV Grödig",
            "code": "SVG"
          },
          "team2": {
            "key": "salzburg",
            "name": "FC RB Salzburg",
            "code": "RBS"
          },
          "score1": 1,
          "score2": 3
        },
        {
          "date": "2014-04-05",
          "team1": {
            "key": "sturm",
            "name": "SK Sturm Graz",
            "code": "STU"
          },
          "team2": {
            "key": "admira",
            "name": "FC Admira Wacker",
            "code": "ADM"
          },
          "score1": 1,
          "score2": 1
        },
        {
          "date": "2014-04-06",
          "team1": {
            "key": "austria",
            "name": "FK Austria Wien",
            "code": "AUS"
          },
          "team2": {
            "key": "rapid",
            "name": "SK Rapid Wien",
            "code": "RAP"
          },
          "score1": 0,
          "score2": 1
        }
      ]
    },
    {
      "name": "32. Runde",
      "matches": [
        {
          "date": "2014-04-12",
          "team1": {
            "key": "wac",
            "name": "Wolfsberger AC",
            "code": "WAC"
          },
          "team2": {
            "key": "groedig",
            "name": "SV Grödig",
            "code": "SVG"
          },
          "score1": 1,
          "score2": 2
        },
        {
          "date": "2014-04-12",
          "team1": {
            "key": "ried",
            "name": "SV Ried",
            "code": "RIE"
          },
          "team2": {
            "key": "innsbruck",
            "name": "FC Wacker Innsbruck",
            "code": "FCW"
          },
          "score1": 1,
          "score2": 2
        },
        {
          "date": "2014-04-12",
          "team1": {
            "key": "salzburg",
            "name": "FC RB Salzburg",
            "code": "RBS"
          },
          "team2": {
            "key": "sturm",
            "name": "SK Sturm Graz",
            "code": "STU"
          },
          "score1": 1,
          "score2": 2
        },
        {
          "date": "2014-04-12",
          "team1": {
            "key": "rapid",
            "name": "SK Rapid Wien",
            "code": "RAP"
          },
          "team2": {
            "key": "admira",
            "name": "FC Admira Wacker",
            "code": "ADM"
          },
          "score1": 0,
          "score2": 0
        },
        {
          "date": "2014-04-13",
          "team1": {
            "key": "wrneustadt",
            "name": "SC Wiener Neustadt",
            "code": "WRN"
          },
          "team2": {
            "key": "austria",
            "name": "FK Austria Wien",
            "code": "AUS"
          },
          "score1": 0,
          "score2": 2
        }
      ]
    },
    {
      "name": "33. Runde",
      "matches": [
        {
          "date": "2014-04-19",
          "team1": {
            "key": "sturm",
            "name": "SK Sturm Graz",
            "code": "STU"
          },
          "team2": {
            "key": "ried",
            "name": "SV Ried",
            "code": "RIE"
          },
          "score1": 2,
          "score2": 1
        },
        {
          "date": "2014-04-19",
          "team1": {
            "key": "austria",
            "name": "FK Austria Wien",
            "code": "AUS"
          },
          "team2": {
            "key": "wac",
            "name": "Wolfsberger AC",
            "code": "WAC"
          },
          "score1": 3,
          "score2": 1
        },
        {
          "date": "2014-04-19",
          "team1": {
            "key": "innsbruck",
            "name": "FC Wacker Innsbruck",
            "code": "FCW"
          },
          "team2": {
            "key": "wrneustadt",
            "name": "SC Wiener Neustadt",
            "code": "WRN"
          },
          "score1": 3,
          "score2": 1
        },
        {
          "date": "2014-04-19",
          "team1": {
            "key": "admira",
            "name": "FC Admira Wacker",
            "code": "ADM"
          },
          "team2": {
            "key": "salzburg",
            "name": "FC RB Salzburg",
            "code": "RBS"
          },
          "score1": 2,
          "score2": 3
        },
        {
          "date": "2014-04-20",
          "team1": {
            "key": "groedig",
            "name": "SV Grödig",
            "code": "SVG"
          },
          "team2": {
            "key": "rapid",
            "name": "SK Rapid Wien",
            "code": "RAP"
          },
          "score1": 2,
          "score2": 2
        }
      ]
    },
    {
      "name": "34. Runde",
      "matches": [
        {
          "date": "2014-04-26",
          "team1": {
            "key": "wrneustadt",
            "name": "SC Wiener Neustadt",
            "code": "WRN"
          },
          "team2": {
            "key": "groedig",
            "name": "SV Grödig",
            "code": "SVG"
          },
          "score1": 1,
          "score2": 3
        },
        {
          "date": "2014-04-26",
          "team1": {
            "key": "rapid",
            "name": "SK Rapid Wien",
            "code": "RAP"
          },
          "team2": {
            "key": "salzburg",
            "name": "FC RB Salzburg",
            "code": "RBS"
          },
          "score1": 2,
          "score2": 1
        },
        {
          "date": "2014-04-26",
          "team1": {
            "key": "innsbruck",
            "name": "FC Wacker Innsbruck",
            "code": "FCW"
          },
          "team2": {
            "key": "austria",
            "name": "FK Austria Wien",
            "code": "AUS"
          },
          "score1": 1,
          "score2": 1
        },
        {
          "date": "2014-04-26",
          "team1": {
            "key": "ried",
            "name": "SV Ried",
            "code": "RIE"
          },
          "team2": {
            "key": "admira",
            "name": "FC Admira Wacker",
            "code": "ADM"
          },
          "score1": 3,
          "score2": 0
        },
        {
          "date": "2014-04-27",
          "team1": {
            "key": "wac",
            "name": "Wolfsberger AC",
            "code": "WAC"
          },
          "team2": {
            "key": "sturm",
            "name": "SK Sturm Graz",
            "code": "STU"
          },
          "score1": 0,
          "score2": 1
        }
      ]
    },
    {
      "name": "35. Runde",
      "matches": [
        {
          "date": "2014-05-04",
          "team1": {
            "key": "salzburg",
            "name": "FC RB Salzburg",
            "code": "RBS"
          },
          "team2": {
            "key": "ried",
            "name": "SV Ried",
            "code": "RIE"
          },
          "score1": 4,
          "score2": 0
        },
        {
          "date": "2014-05-04",
          "team1": {
            "key": "rapid",
            "name": "SK Rapid Wien",
            "code": "RAP"
          },
          "team2": {
            "key": "innsbruck",
            "name": "FC Wacker Innsbruck",
            "code": "FCW"
          },
          "score1": 2,
          "score2": 0
        },
        {
          "date": "2014-05-04",
          "team1": {
            "key": "admira",
            "name": "FC Admira Wacker",
            "code": "ADM"
          },
          "team2": {
            "key": "wac",
            "name": "Wolfsberger AC",
            "code": "WAC"
          },
          "score1": 1,
          "score2": 0
        },
        {
          "date": "2014-05-04",
          "team1": {
            "key": "sturm",
            "name": "SK Sturm Graz",
            "code": "STU"
          },
          "team2": {
            "key": "wrneustadt",
            "name": "SC Wiener Neustadt",
            "code": "WRN"
          },
          "score1": 1,
          "score2": 2
        },
        {
          "date": "2014-05-04",
          "team1": {
            "key": "groedig",
            "name": "SV Grödig",
            "code": "SVG"
          },
          "team2": {
            "key": "austria",
            "name": "FK Austria Wien",
            "code": "AUS"
          },
          "score1": 2,
          "score2": 1
        }
      ]
    },
    {
      "name": "36. Runde",
      "matches": [
        {
          "date": "2014-05-11",
          "team1": {
            "key": "innsbruck",
            "name": "FC Wacker Innsbruck",
            "code": "FCW"
          },
          "team2": {
            "key": "groedig",
            "name": "SV Grödig",
            "code": "SVG"
          },
          "score1": 3,
          "score2": 3
        },
        {
          "date": "2014-05-11",
          "team1": {
            "key": "austria",
            "name": "FK Austria Wien",
            "code": "AUS"
          },
          "team2": {
            "key": "sturm",
            "name": "SK Sturm Graz",
            "code": "STU"
          },
          "score1": 1,
          "score2": 2
        },
        {
          "date": "2014-05-11",
          "team1": {
            "key": "ried",
            "name": "SV Ried",
            "code": "RIE"
          },
          "team2": {
            "key": "rapid",
            "name": "SK Rapid Wien",
            "code": "RAP"
          },
          "score1": 2,
          "score2": 5
        },
        {
          "date": "2014-05-11",
          "team1": {
            "key": "wac",
            "name": "Wolfsberger AC",
            "code": "WAC"
          },
          "team2": {
            "key": "salzburg",
            "name": "FC RB Salzburg",
            "code": "RBS"
          },
          "score1": 2,
          "score2": 0
        },
        {
          "date": "2014-05-11",
          "team1": {
            "key": "wrneustadt",
            "name": "SC Wiener Neustadt",
            "code": "WRN"
          },
          "team2": {
            "key": "admira",
            "name": "FC Admira Wacker",
            "code": "ADM"
          },
          "score1": 5,
          "score2": 2
        }
      ]
    }
  ]
}