{
  "name": "Österr. Erste Liga 2014/15",
  "clubs": [
    {
      "key": "mattersburg",
      "name": "SV Mattersburg",
      "code": "MAT"
    },
    {
      "key": "innsbruck",
      "name": "FC Wacker Innsbruck",
      "code": "FCW"
    },
    {
      "key": "alustenau",
      "name": "SC Austria Lustenau",
      "code": "ALU"
    },
    {
      "key": "stpoelten",
      "name": "SKN St. Pölten",
      "code": "SKN"
    },
    {
      "key": "ksv",
      "name": "Kapfenberger SV",
      "code": "KSV"
    },
    {
      "key": "liefering",
      "name": "FC Liefering",
      "code": "FCL"
    },
    {
      "key": "fac",
      "name": "Floridsdorfer AC",
      "code": "FAC"
    },
    {
      "key": "lask",
      "name": "LASK Linz",
      "code": "ASK"
    },
    {
      "key": "horn",
      "name": "SV Horn",
      "code": "SVH"
    },
    {
      "key": "hartberg",
      "name": "TSV Hartberg",
      "code": "HTB"
    }
  ]
}