{
  "name": "English Premier League 2014/15",
  "clubs": [
    {
      "key": "chelsea",
      "name": "Chelsea",
      "code": "CHE"
    },
    {
      "key": "arsenal",
      "name": "Arsenal",
      "code": "ARS"
    },
    {
      "key": "tottenham",
      "name": "Tottenham Hotspur",
      "code": "TOT"
    },
    {
      "key": "westham",
      "name": "West Ham United",
      "code": "WHU"
    },
    {
      "key": "crystalpalace",
      "name": "Crystal Palace",
      "code": "CRY"
    },
    {
      "key": "manutd",
      "name": "Manchester United",
      "code": "MUN"
    },
    {
      "key": "mancity",
      "name": "Manchester City",
      "code": "MCI"
    },
    {
      "key": "everton",
      "name": "Everton",
      "code": "EVE"
    },
    {
      "key": "liverpool",
      "name": "Liverpool",
      "code": "LIV"
    },
    {
      "key": "westbrom",
      "name": "West Bromwich Albion",
      "code": "WBA"
    },
    {
      "key": "newcastle",
      "name": "Newcastle United",
      "code": "NEW"
    },
    {
      "key": "stoke",
      "name": "Stoke City",
      "code": "STK"
    },
    {
      "key": "sunderland",
      "name": "Sunderland",
      "code": "SUN"
    },
    {
      "key": "astonvilla",
      "name": "Aston Villa",
      "code": "AVL"
    },
    {
      "key": "southampton",
      "name": "Southampton",
      "code": "SOU"
    },
    {
      "key": "leicester",
      "name": "Leicester City",
      "code": "LEI"
    },
    {
      "key": "burnley",
      "name": "Burnley",
      "code": "BUR"
    },
    {
      "key": "hull",
      "name": "Hull City",
      "code": "HUL"
    },
    {
      "key": "qpr",
      "name": "Queens Park Rangers",
      "code": "QPR"
    },
    {
      "key": "swansea",
      "name": "Swansea",
      "code": "SWA"
    }
  ]
}