{
  "name": "Primera División 2014/15",
  "clubs": [
    {
      "key": "barcelona",
      "name": "Barcelona",
      "code": "BAR"
    },
    {
      "key": "espanyol",
      "name": "Espanyol",
      "code": "ESP"
    },
    {
      "key": "madrid",
      "name": "R. Madrid",
      "code": "RMD"
    },
    {
      "key": "atletico",
      "name": "Atlético",
      "code": "ATL"
    },
    {
      "key": "getafe",
      "name": "Getafe",
      "code": "GET"
    },
    {
      "key": "rayo",
      "name": "Rayo",
      "code": "RAY"
    },
    {
      "key": "sevilla",
      "name": "Sevilla",
      "code": "SEV"
    },
    {
      "key": "valencia",
      "name": "Valencia",
      "code": "VAL"
    },
    {
      "key": "levante",
      "name": "Levante",
      "code": "LEV"
    },
    {
      "key": "malaga",
      "name": "Málaga",
      "code": "MAG"
    },
    {
      "key": "athletic",
      "name": "Athletic",
      "code": "ATH"
    },
    {
      "key": "granada",
      "name": "Granada",
      "code": "GRA"
    },
    {
      "key": "celta",
      "name": "Celta",
      "code": "CEL"
    },
    {
      "key": "realsociedad",
      "name": "R. Sociedad",
      "code": "RSO"
    },
    {
      "key": "deportivo",
      "name": "Deportivo",
      "code": "DEP"
    },
    {
      "key": "eibar",
      "name": "Eibar",
      "code": null
    },
    {
      "key": "elche",
      "name": "Elche CF",
      "code": "ELC"
    },
    {
      "key": "almeria",
      "name": "UD Almería",
      "code": "ALM"
    },
    {
      "key": "cordoba",
      "name": "Córdoba",
      "code": null
    },
    {
      "key": "villareal",
      "name": "Villarreal CF",
      "code": "VLL"
    }
  ]
}