{
  "name": "English Premier League 2010/11",
  "clubs": [
    {
      "key": "chelsea",
      "name": "Chelsea",
      "code": "CHE"
    },
    {
      "key": "arsenal",
      "name": "Arsenal",
      "code": "ARS"
    },
    {
      "key": "tottenham",
      "name": "Tottenham Hotspur",
      "code": "TOT"
    },
    {
      "key": "westham",
      "name": "West Ham United",
      "code": "WHU"
    },
    {
      "key": "manutd",
      "name": "Manchester United",
      "code": "MUN"
    },
    {
      "key": "mancity",
      "name": "Manchester City",
      "code": "MCI"
    },
    {
      "key": "everton",
      "name": "Everton",
      "code": "EVE"
    },
    {
      "key": "liverpool",
      "name": "Liverpool",
      "code": "LIV"
    },
    {
      "key": "westbrom",
      "name": "West Bromwich Albion",
      "code": "WBA"
    },
    {
      "key": "newcastle",
      "name": "Newcastle United",
      "code": "NEW"
    },
    {
      "key": "stoke",
      "name": "Stoke City",
      "code": "STK"
    },
    {
      "key": "sunderland",
      "name": "Sunderland",
      "code": "SUN"
    },
    {
      "key": "astonvilla",
      "name": "Aston Villa",
      "code": "AVL"
    },
    {
      "key": "birminghamcity",
      "name": "Birmingham City",
      "code": null
    },
    {
      "key": "blackburnrovers",
      "name": "Blackburn Rovers",
      "code": null
    },
    {
      "key": "boltonwanderers",
      "name": "Bolton Wanderers",
      "code": null
    },
    {
      "key": "fulham",
      "name": "Fulham",
      "code": "FUL"
    },
    {
      "key": "wolverhamptonwanderers",
      "name": "Wolverhampton Wanderers",
      "code": null
    },
    {
      "key": "blackpool",
      "name": "Blackpool",
      "code": null
    },
    {
      "key": "wigan",
      "name": "Wigan Athletic",
      "code": "WIG"
    }
  ]
}