{
  "name": "Österr. Erste Liga 2015/16",
  "rounds": [
    {
      "name": "1. Runde",
      "matches": [
        {
          "date": "2015-07-24",
          "team1": {
            "key": "lask",
            "name": "LASK Linz",
            "code": "ASK"
          },
          "team2": {
            "key": "fac",
            "name": "Floridsdorfer AC",
            "code": "FAC"
          },
          "score1": 2,
          "score2": 1
        },
        {
          "date": "2015-07-24",
          "team1": {
            "key": "innsbruck",
            "name": "FC Wacker Innsbruck",
            "code": "FCW"
          },
          "team2": {
            "key": "ksv",
            "name": "Kapfenberger SV",
            "code": "KSV"
          },
          "score1": 0,
          "score2": 0
        },
        {
          "date": "2015-07-24",
          "team1": {
            "key": "alustenau",
            "name": "SC Austria Lustenau",
            "code": "ALU"
          },
          "team2": {
            "key": "wrneustadt",
            "name": "SC Wiener Neustadt",
            "code": "WRN"
          },
          "score1": 2,
          "score2": 0
        },
        {
          "date": "2015-07-24",
          "team1": {
            "key": "aklagenfurt",
            "name": "SK Austria Klagenfurt",
            "code": "KLA"
          },
          "team2": {
            "key": "liefering",
            "name": "FC Liefering",
            "code": "FCL"
          },
          "score1": 4,
          "score2": 0
        },
        {
          "date": "2015-07-24",
          "team1": {
            "key": "stpoelten",
            "name": "SKN St. Pölten",
            "code": "SKN"
          },
          "team2": {
            "key": "asalzburg",
            "name": "SV Austria Salzburg",
            "code": "AUS"
          },
          "score1": 2,
          "score2": 2
        }
      ]
    },
    {
      "name": "2. Runde",
      "matches": [
        {
          "date": "2015-07-31",
          "team1": {
            "key": "liefering",
            "name": "FC Liefering",
            "code": "FCL"
          },
          "team2": {
            "key": "stpoelten",
            "name": "SKN St. Pölten",
            "code": "SKN"
          },
          "score1": 2,
          "score2": 1
        },
        {
          "date": "2015-07-31",
          "team1": {
            "key": "ksv",
            "name": "Kapfenberger SV",
            "code": "KSV"
          },
          "team2": {
            "key": "alustenau",
            "name": "SC Austria Lustenau",
            "code": "ALU"
          },
          "score1": 1,
          "score2": 0
        },
        {
          "date": "2015-07-31",
          "team1": {
            "key": "fac",
            "name": "Floridsdorfer AC",
            "code": "FAC"
          },
          "team2": {
            "key": "innsbruck",
            "name": "FC Wacker Innsbruck",
            "code": "FCW"
          },
          "score1": 1,
          "score2": 5
        },
        {
          "date": "2015-07-31",
          "team1": {
            "key": "asalzburg",
            "name": "SV Austria Salzburg",
            "code": "AUS"
          },
          "team2": {
            "key": "aklagenfurt",
            "name": "SK Austria Klagenfurt",
            "code": "KLA"
          },
          "score1": 1,
          "score2": 1
        },
        {
          "date": "2015-07-31",
          "team1": {
            "key": "wrneustadt",
            "name": "SC Wiener Neustadt",
            "code": "WRN"
          },
          "team2": {
            "key": "lask",
            "name": "LASK Linz",
            "code": "ASK"
          },
          "score1": 0,
          "score2": 0
        }
      ]
    },
    {
      "name": "3. Runde",
      "matches": [
        {
          "date": "2015-08-03",
          "team1": {
            "key": "innsbruck",
            "name": "FC Wacker Innsbruck",
            "code": "FCW"
          },
          "team2": {
            "key": "lask",
            "name": "LASK Linz",
            "code": "ASK"
          },
          "score1": 1,
          "score2": 2
        },
        {
          "date": "2015-08-04",
          "team1": {
            "key": "ksv",
            "name": "Kapfenberger SV",
            "code": "KSV"
          },
          "team2": {
            "key": "liefering",
            "name": "FC Liefering",
            "code": "FCL"
          },
          "score1": 5,
          "score2": 2
        },
        {
          "date": "2015-08-04",
          "team1": {
            "key": "alustenau",
            "name": "SC Austria Lustenau",
            "code": "ALU"
          },
          "team2": {
            "key": "stpoelten",
            "name": "SKN St. Pölten",
            "code": "SKN"
          },
          "score1": 0,
          "score2": 1
        },
        {
          "date": "2015-08-04",
          "team1": {
            "key": "asalzburg",
            "name": "SV Austria Salzburg",
            "code": "AUS"
          },
          "team2": {
            "key": "wrneustadt",
            "name": "SC Wiener Neustadt",
            "code": "WRN"
          },
          "score1": 3,
          "score2": 0
        },
        {
          "date": "2015-08-04",
          "team1": {
            "key": "aklagenfurt",
            "name": "SK Austria Klagenfurt",
            "code": "KLA"
          },
          "team2": {
            "key": "fac",
            "name": "Floridsdorfer AC",
            "code": "FAC"
          },
          "score1": 1,
          "score2": 0
        }
      ]
    },
    {
      "name": "4. Runde",
      "matches": [
        {
          "date": "2015-08-07",
          "team1": {
            "key": "wrneustadt",
            "name": "SC Wiener Neustadt",
            "code": "WRN"
          },
          "team2": {
            "key": "ksv",
            "name": "Kapfenberger SV",
            "code": "KSV"
          },
          "score1": 0,
          "score2": 2
        },
        {
          "date": "2015-08-07",
          "team1": {
            "key": "lask",
            "name": "LASK Linz",
            "code": "ASK"
          },
          "team2": {
            "key": "aklagenfurt",
            "name": "SK Austria Klagenfurt",
            "code": "KLA"
          },
          "score1": 2,
          "score2": 0
        },
        {
          "date": "2015-08-07",
          "team1": {
            "key": "stpoelten",
            "name": "SKN St. Pölten",
            "code": "SKN"
          },
          "team2": {
            "key": "innsbruck",
            "name": "FC Wacker Innsbruck",
            "code": "FCW"
          },
          "score1": 0,
          "score2": 3
        },
        {
          "date": "2015-08-07",
          "team1": {
            "key": "fac",
            "name": "Floridsdorfer AC",
            "code": "FAC"
          },
          "team2": {
            "key": "alustenau",
            "name": "SC Austria Lustenau",
            "code": "ALU"
          },
          "score1": 1,
          "score2": 3
        },
        {
          "date": "2015-08-07",
          "team1": {
            "key": "liefering",
            "name": "FC Liefering",
            "code": "FCL"
          },
          "team2": {
            "key": "asalzburg",
            "name": "SV Austria Salzburg",
            "code": "AUS"
          },
          "score1": 5,
          "score2": 3
        }
      ]
    },
    {
      "name": "5. Runde",
      "matches": [
        {
          "date": "2015-08-14",
          "team1": {
            "key": "ksv",
            "name": "Kapfenberger SV",
            "code": "KSV"
          },
          "team2": {
            "key": "stpoelten",
            "name": "SKN St. Pölten",
            "code": "SKN"
          },
          "score1": 1,
          "score2": 3
        },
        {
          "date": "2015-08-14",
          "team1": {
            "key": "innsbruck",
            "name": "FC Wacker Innsbruck",
            "code": "FCW"
          },
          "team2": {
            "key": "liefering",
            "name": "FC Liefering",
            "code": "FCL"
          },
          "score1": 4,
          "score2": 1
        },
        {
          "date": "2015-08-14",
          "team1": {
            "key": "alustenau",
            "name": "SC Austria Lustenau",
            "code": "ALU"
          },
          "team2": {
            "key": "lask",
            "name": "LASK Linz",
            "code": "ASK"
          },
          "score1": 2,
          "score2": 1
        },
        {
          "date": "2015-08-14",
          "team1": {
            "key": "asalzburg",
            "name": "SV Austria Salzburg",
            "code": "AUS"
          },
          "team2": {
            "key": "fac",
            "name": "Floridsdorfer AC",
            "code": "FAC"
          },
          "score1": 2,
          "score2": 1
        },
        {
          "date": "2015-08-14",
          "team1": {
            "key": "aklagenfurt",
            "name": "SK Austria Klagenfurt",
            "code": "KLA"
          },
          "team2": {
            "key": "wrneustadt",
            "name": "SC Wiener Neustadt",
            "code": "WRN"
          },
          "score1": 1,
          "score2": 0
        }
      ]
    },
    {
      "name": "6. Runde",
      "matches": [
        {
          "date": "2015-08-21",
          "team1": {
            "key": "liefering",
            "name": "FC Liefering",
            "code": "FCL"
          },
          "team2": {
            "key": "wrneustadt",
            "name": "SC Wiener Neustadt",
            "code": "WRN"
          },
          "score1": 0,
          "score2": 1
        },
        {
          "date": "2015-08-21",
          "team1": {
            "key": "stpoelten",
            "name": "SKN St. Pölten",
            "code": "SKN"
          },
          "team2": {
            "key": "aklagenfurt",
            "name": "SK Austria Klagenfurt",
            "code": "KLA"
          },
          "score1": 1,
          "score2": 1
        },
        {
          "date": "2015-08-21",
          "team1": {
            "key": "innsbruck",
            "name": "FC Wacker Innsbruck",
            "code": "FCW"
          },
          "team2": {
            "key": "alustenau",
            "name": "SC Austria Lustenau",
            "code": "ALU"
          },
          "score1": 1,
          "score2": 0
        },
        {
          "date": "2015-08-21",
          "team1": {
            "key": "fac",
            "name": "Floridsdorfer AC",
            "code": "FAC"
          },
          "team2": {
            "key": "ksv",
            "name": "Kapfenberger SV",
            "code": "KSV"
          },
          "score1": 0,
          "score2": 3
        },
        {
          "date": "2015-08-21",
          "team1": {
            "key": "lask",
            "name": "LASK Linz",
            "code": "ASK"
          },
          "team2": {
            "key": "asalzburg",
            "name": "SV Austria Salzburg",
            "code": "AUS"
          },
          "score1": 2,
          "score2": 0
        }
      ]
    },
    {
      "name": "7. Runde",
      "matches": [
        {
          "date": "2015-08-28",
          "team1": {
            "key": "wrneustadt",
            "name": "SC Wiener Neustadt",
            "code": "WRN"
          },
          "team2": {
            "key": "fac",
            "name": "Floridsdorfer AC",
            "code": "FAC"
          },
          "score1": 1,
          "score2": 0
        },
        {
          "date": "2015-08-28",
          "team1": {
            "key": "lask",
            "name": "LASK Linz",
            "code": "ASK"
          },
          "team2": {
            "key": "stpoelten",
            "name": "SKN St. Pölten",
            "code": "SKN"
          },
          "score1": 1,
          "score2": 0
        },
        {
          "date": "2015-08-28",
          "team1": {
            "key": "alustenau",
            "name": "SC Austria Lustenau",
            "code": "ALU"
          },
          "team2": {
            "key": "liefering",
            "name": "FC Liefering",
            "code": "FCL"
          },
          "score1": 1,
          "score2": 2
        },
        {
          "date": "2015-08-28",
          "team1": {
            "key": "asalzburg",
            "name": "SV Austria Salzburg",
            "code": "AUS"
          },
          "team2": {
            "key": "innsbruck",
            "name": "FC Wacker Innsbruck",
            "code": "FCW"
          },
          "score1": 3,
          "score2": 4
        },
        {
          "date": "2015-08-28",
          "team1": {
            "key": "aklagenfurt",
            "name": "SK Austria Klagenfurt",
            "code": "KLA"
          },
          "team2": {
            "key": "ksv",
            "name": "Kapfenberger SV",
            "code": "KSV"
          },
          "score1": 5,
          "score2": 1
        }
      ]
    },
    {
      "name": "8. Runde",
      "matches": [
        {
          "date": "2015-09-11",
          "team1": {
            "key": "liefering",
            "name": "FC Liefering",
            "code": "FCL"
          },
          "team2": {
            "key": "fac",
            "name": "Floridsdorfer AC",
            "code": "FAC"
          },
          "score1": 4,
          "score2": 1
        },
        {
          "date": "2015-09-11",
          "team1": {
            "key": "ksv",
            "name": "Kapfenberger SV",
            "code": "KSV"
          },
          "team2": {
            "key": "lask",
            "name": "LASK Linz",
            "code": "ASK"
          },
          "score1": 1,
          "score2": 5
        },
        {
          "date": "2015-09-11",
          "team1": {
            "key": "stpoelten",
            "name": "SKN St. Pölten",
            "code": "SKN"
          },
          "team2": {
            "key": "wrneustadt",
            "name": "SC Wiener Neustadt",
            "code": "WRN"
          },
          "score1": 2,
          "score2": 0
        },
        {
          "date": "2015-09-11",
          "team1": {
            "key": "innsbruck",
            "name": "FC Wacker Innsbruck",
            "code": "FCW"
          },
          "team2": {
            "key": "aklagenfurt",
            "name": "SK Austria Klagenfurt",
            "code": "KLA"
          },
          "score1": 4,
          "score2": 2
        },
        {
          "date": "2015-09-11",
          "team1": {
            "key": "alustenau",
            "name": "SC Austria Lustenau",
            "code": "ALU"
          },
          "team2": {
            "key": "asalzburg",
            "name": "SV Austria Salzburg",
            "code": "AUS"
          },
          "score1": 0,
          "score2": 2
        }
      ]
    },
    {
      "name": "9. Runde",
      "matches": [
        {
          "date": "2015-09-15",
          "team1": {
            "key": "wrneustadt",
            "name": "SC Wiener Neustadt",
            "code": "WRN"
          },
          "team2": {
            "key": "innsbruck",
            "name": "FC Wacker Innsbruck",
            "code": "FCW"
          },
          "score1": 1,
          "score2": 2
        },
        {
          "date": "2015-09-15",
          "team1": {
            "key": "lask",
            "name": "LASK Linz",
            "code": "ASK"
          },
          "team2": {
            "key": "liefering",
            "name": "FC Liefering",
            "code": "FCL"
          },
          "score1": 1,
          "score2": 2
        },
        {
          "date": "2015-09-15",
          "team1": {
            "key": "fac",
            "name": "Floridsdorfer AC",
            "code": "FAC"
          },
          "team2": {
            "key": "stpoelten",
            "name": "SKN St. Pölten",
            "code": "SKN"
          },
          "score1": 0,
          "score2": 1
        },
        {
          "date": "2015-09-15",
          "team1": {
            "key": "asalzburg",
            "name": "SV Austria Salzburg",
            "code": "AUS"
          },
          "team2": {
            "key": "ksv",
            "name": "Kapfenberger SV",
            "code": "KSV"
          },
          "score1": 0,
          "score2": 2
        },
        {
          "date": "2015-09-15",
          "team1": {
            "key": "aklagenfurt",
            "name": "SK Austria Klagenfurt",
            "code": "KLA"
          },
          "team2": {
            "key": "alustenau",
            "name": "SC Austria Lustenau",
            "code": "ALU"
          },
          "score1": 1,
          "score2": 1
        }
      ]
    },
    {
      "name": "10. Runde",
      "matches": [
        {
          "date": "2015-09-18",
          "team1": {
            "key": "fac",
            "name": "Floridsdorfer AC",
            "code": "FAC"
          },
          "team2": {
            "key": "lask",
            "name": "LASK Linz",
            "code": "ASK"
          },
          "score1": 0,
          "score2": 2
        },
        {
          "date": "2015-09-18",
          "team1": {
            "key": "asalzburg",
            "name": "SV Austria Salzburg",
            "code": "AUS"
          },
          "team2": {
            "key": "stpoelten",
            "name": "SKN St. Pölten",
            "code": "SKN"
          },
          "score1": 1,
          "score2": 5
        },
        {
          "date": "2015-09-18",
          "team1": {
            "key": "ksv",
            "name": "Kapfenberger SV",
            "code": "KSV"
          },
          "team2": {
            "key": "innsbruck",
            "name": "FC Wacker Innsbruck",
            "code": "FCW"
          },
          "score1": 1,
          "score2": 4
        },
        {
          "date": "2015-09-18",
          "team1": {
            "key": "wrneustadt",
            "name": "SC Wiener Neustadt",
            "code": "WRN"
          },
          "team2": {
            "key": "alustenau",
            "name": "SC Austria Lustenau",
            "code": "ALU"
          },
          "score1": 1,
          "score2": 3
        },
        {
          "date": "2015-09-18",
          "team1": {
            "key": "liefering",
            "name": "FC Liefering",
            "code": "FCL"
          },
          "team2": {
            "key": "aklagenfurt",
            "name": "SK Austria Klagenfurt",
            "code": "KLA"
          },
          "score1": 4,
          "score2": 1
        }
      ]
    },
    {
      "name": "11. Runde",
      "matches": [
        {
          "date": "2015-09-25",
          "team1": {
            "key": "lask",
            "name": "LASK Linz",
            "code": "ASK"
          },
          "team2": {
            "key": "wrneustadt",
            "name": "SC Wiener Neustadt",
            "code": "WRN"
          },
          "score1": 0,
          "score2": 0
        },
        {
          "date": "2015-09-25",
          "team1": {
            "key": "stpoelten",
            "name": "SKN St. Pölten",
            "code": "SKN"
          },
          "team2": {
            "key": "liefering",
            "name": "FC Liefering",
            "code": "FCL"
          },
          "score1": 1,
          "score2": 0
        },
        {
          "date": "2015-09-25",
          "team1": {
            "key": "alustenau",
            "name": "SC Austria Lustenau",
            "code": "ALU"
          },
          "team2": {
            "key": "ksv",
            "name": "Kapfenberger SV",
            "code": "KSV"
          },
          "score1": 1,
          "score2": 2
        },
        {
          "date": "2015-09-25",
          "team1": {
            "key": "innsbruck",
            "name": "FC Wacker Innsbruck",
            "code": "FCW"
          },
          "team2": {
            "key": "fac",
            "name": "Floridsdorfer AC",
            "code": "FAC"
          },
          "score1": 1,
          "score2": 1
        },
        {
          "date": "2015-09-25",
          "team1": {
            "key": "aklagenfurt",
            "name": "SK Austria Klagenfurt",
            "code": "KLA"
          },
          "team2": {
            "key": "asalzburg",
            "name": "SV Austria Salzburg",
            "code": "AUS"
          },
          "score1": 1,
          "score2": 1
        }
      ]
    },
    {
      "name": "12. Runde",
      "matches": [
        {
          "date": "2015-10-02",
          "team1": {
            "key": "liefering",
            "name": "FC Liefering",
            "code": "FCL"
          },
          "team2": {
            "key": "ksv",
            "name": "Kapfenberger SV",
            "code": "KSV"
          },
          "score1": 5,
          "score2": 1
        },
        {
          "date": "2015-10-02",
          "team1": {
            "key": "lask",
            "name": "LASK Linz",
            "code": "ASK"
          },
          "team2": {
            "key": "innsbruck",
            "name": "FC Wacker Innsbruck",
            "code": "FCW"
          },
          "score1": 0,
          "score2": 1
        },
        {
          "date": "2015-10-02",
          "team1": {
            "key": "stpoelten",
            "name": "SKN St. Pölten",
            "code": "SKN"
          },
          "team2": {
            "key": "alustenau",
            "name": "SC Austria Lustenau",
            "code": "ALU"
          },
          "score1": 0,
          "score2": 1
        },
        {
          "date": "2015-10-02",
          "team1": {
            "key": "wrneustadt",
            "name": "SC Wiener Neustadt",
            "code": "WRN"
          },
          "team2": {
            "key": "asalzburg",
            "name": "SV Austria Salzburg",
            "code": "AUS"
          },
          "score1": 2,
          "score2": 0
        },
        {
          "date": "2015-10-02",
          "team1": {
            "key": "fac",
            "name": "Floridsdorfer AC",
            "code": "FAC"
          },
          "team2": {
            "key": "aklagenfurt",
            "name": "SK Austria Klagenfurt",
            "code": "KLA"
          },
          "score1": 1,
          "score2": 3
        }
      ]
    },
    {
      "name": "13. Runde",
      "matches": [
        {
          "date": "2015-10-16",
          "team1": {
            "key": "ksv",
            "name": "Kapfenberger SV",
            "code": "KSV"
          },
          "team2": {
            "key": "wrneustadt",
            "name": "SC Wiener Neustadt",
            "code": "WRN"
          },
          "score1": 0,
          "score2": 1
        },
        {
          "date": "2015-10-16",
          "team1": {
            "key": "asalzburg",
            "name": "SV Austria Salzburg",
            "code": "AUS"
          },
          "team2": {
            "key": "liefering",
            "name": "FC Liefering",
            "code": "FCL"
          },
          "score1": 2,
          "score2": 2
        },
        {
          "date": "2015-10-16",
          "team1": {
            "key": "aklagenfurt",
            "name": "SK Austria Klagenfurt",
            "code": "KLA"
          },
          "team2": {
            "key": "lask",
            "name": "LASK Linz",
            "code": "ASK"
          },
          "score1": 2,
          "score2": 2
        },
        {
          "date": "2015-10-16",
          "team1": {
            "key": "innsbruck",
            "name": "FC Wacker Innsbruck",
            "code": "FCW"
          },
          "team2": {
            "key": "stpoelten",
            "name": "SKN St. Pölten",
            "code": "SKN"
          },
          "score1": 1,
          "score2": 3
        },
        {
          "date": "2015-10-16",
          "team1": {
            "key": "alustenau",
            "name": "SC Austria Lustenau",
            "code": "ALU"
          },
          "team2": {
            "key": "fac",
            "name": "Floridsdorfer AC",
            "code": "FAC"
          },
          "score1": 1,
          "score2": 0
        }
      ]
    },
    {
      "name": "14. Runde",
      "matches": [
        {
          "date": "2015-10-20",
          "team1": {
            "key": "stpoelten",
            "name": "SKN St. Pölten",
            "code": "SKN"
          },
          "team2": {
            "key": "ksv",
            "name": "Kapfenberger SV",
            "code": "KSV"
          },
          "score1": 1,
          "score2": 2
        },
        {
          "date": "2015-10-20",
          "team1": {
            "key": "liefering",
            "name": "FC Liefering",
            "code": "FCL"
          },
          "team2": {
            "key": "innsbruck",
            "name": "FC Wacker Innsbruck",
            "code": "FCW"
          },
          "score1": 0,
          "score2": 1
        },
        {
          "date": "2015-10-20",
          "team1": {
            "key": "lask",
            "name": "LASK Linz",
            "code": "ASK"
          },
          "team2": {
            "key": "alustenau",
            "name": "SC Austria Lustenau",
            "code": "ALU"
          },
          "score1": 2,
          "score2": 1
        },
        {
          "date": "2015-10-20",
          "team1": {
            "key": "fac",
            "name": "Floridsdorfer AC",
            "code": "FAC"
          },
          "team2": {
            "key": "asalzburg",
            "name": "SV Austria Salzburg",
            "code": "AUS"
          },
          "score1": 2,
          "score2": 2
        },
        {
          "date": "2015-10-20",
          "team1": {
            "key": "wrneustadt",
            "name": "SC Wiener Neustadt",
            "code": "WRN"
          },
          "team2": {
            "key": "aklagenfurt",
            "name": "SK Austria Klagenfurt",
            "code": "KLA"
          },
          "score1": 1,
          "score2": 1
        }
      ]
    },
    {
      "name": "15. Runde",
      "matches": [
        {
          "date": "2015-10-23",
          "team1": {
            "key": "wrneustadt",
            "name": "SC Wiener Neustadt",
            "code": "WRN"
          },
          "team2": {
            "key": "liefering",
            "name": "FC Liefering",
            "code": "FCL"
          },
          "score1": 1,
          "score2": 0
        },
        {
          "date": "2015-10-23",
          "team1": {
            "key": "asalzburg",
            "name": "SV Austria Salzburg",
            "code": "AUS"
          },
          "team2": {
            "key": "lask",
            "name": "LASK Linz",
            "code": "ASK"
          },
          "score1": 0,
          "score2": 2
        },
        {
          "date": "2015-10-23",
          "team1": {
            "key": "aklagenfurt",
            "name": "SK Austria Klagenfurt",
            "code": "KLA"
          },
          "team2": {
            "key": "stpoelten",
            "name": "SKN St. Pölten",
            "code": "SKN"
          },
          "score1": 1,
          "score2": 2
        },
        {
          "date": "2015-10-23",
          "team1": {
            "key": "alustenau",
            "name": "SC Austria Lustenau",
            "code": "ALU"
          },
          "team2": {
            "key": "innsbruck",
            "name": "FC Wacker Innsbruck",
            "code": "FCW"
          },
          "score1": 2,
          "score2": 1
        },
        {
          "date": "2015-10-23",
          "team1": {
            "key": "ksv",
            "name": "Kapfenberger SV",
            "code": "KSV"
          },
          "team2": {
            "key": "fac",
            "name": "Floridsdorfer AC",
            "code": "FAC"
          },
          "score1": 0,
          "score2": 1
        }
      ]
    },
    {
      "name": "16. Runde",
      "matches": [
        {
          "date": "2015-11-03",
          "team1": {
            "key": "fac",
            "name": "Floridsdorfer AC",
            "code": "FAC"
          },
          "team2": {
            "key": "wrneustadt",
            "name": "SC Wiener Neustadt",
            "code": "WRN"
          },
          "score1": 1,
          "score2": 2
        },
        {
          "date": "2015-11-03",
          "team1": {
            "key": "stpoelten",
            "name": "SKN St. Pölten",
            "code": "SKN"
          },
          "team2": {
            "key": "lask",
            "name": "LASK Linz",
            "code": "ASK"
          },
          "score1": 1,
          "score2": 0
        },
        {
          "date": "2015-11-03",
          "team1": {
            "key": "liefering",
            "name": "FC Liefering",
            "code": "FCL"
          },
          "team2": {
            "key": "alustenau",
            "name": "SC Austria Lustenau",
            "code": "ALU"
          },
          "score1": 2,
          "score2": 1
        },
        {
          "date": "2015-11-03",
          "team1": {
            "key": "innsbruck",
            "name": "FC Wacker Innsbruck",
            "code": "FCW"
          },
          "team2": {
            "key": "asalzburg",
            "name": "SV Austria Salzburg",
            "code": "AUS"
          },
          "score1": 1,
          "score2": 1
        },
        {
          "date": "2015-11-03",
          "team1": {
            "key": "ksv",
            "name": "Kapfenberger SV",
            "code": "KSV"
          },
          "team2": {
            "key": "aklagenfurt",
            "name": "SK Austria Klagenfurt",
            "code": "KLA"
          },
          "score1": 1,
          "score2": 1
        }
      ]
    },
    {
      "name": "17. Runde",
      "matches": [
        {
          "date": "2015-11-06",
          "team1": {
            "key": "fac",
            "name": "Floridsdorfer AC",
            "code": "FAC"
          },
          "team2": {
            "key": "liefering",
            "name": "FC Liefering",
            "code": "FCL"
          },
          "score1": 1,
          "score2": 5
        },
        {
          "date": "2015-11-06",
          "team1": {
            "key": "lask",
            "name": "LASK Linz",
            "code": "ASK"
          },
          "team2": {
            "key": "ksv",
            "name": "Kapfenberger SV",
            "code": "KSV"
          },
          "score1": 4,
          "score2": 2
        },
        {
          "date": "2015-11-06",
          "team1": {
            "key": "wrneustadt",
            "name": "SC Wiener Neustadt",
            "code": "WRN"
          },
          "team2": {
            "key": "stpoelten",
            "name": "SKN St. Pölten",
            "code": "SKN"
          },
          "score1": 2,
          "score2": 3
        },
        {
          "date": "2015-11-06",
          "team1": {
            "key": "aklagenfurt",
            "name": "SK Austria Klagenfurt",
            "code": "KLA"
          },
          "team2": {
            "key": "innsbruck",
            "name": "FC Wacker Innsbruck",
            "code": "FCW"
          },
          "score1": 1,
          "score2": 2
        },
        {
          "date": "2015-11-06",
          "team1": {
            "key": "asalzburg",
            "name": "SV Austria Salzburg",
            "code": "AUS"
          },
          "team2": {
            "key": "alustenau",
            "name": "SC Austria Lustenau",
            "code": "ALU"
          },
          "score1": 1,
          "score2": 3
        }
      ]
    },
    {
      "name": "18. Runde",
      "matches": [
        {
          "date": "2015-11-20",
          "team1": {
            "key": "innsbruck",
            "name": "FC Wacker Innsbruck",
            "code": "FCW"
          },
          "team2": {
            "key": "wrneustadt",
            "name": "SC Wiener Neustadt",
            "code": "WRN"
          },
          "score1": 3,
          "score2": 3
        },
        {
          "date": "2015-11-20",
          "team1": {
            "key": "liefering",
            "name": "FC Liefering",
            "code": "FCL"
          },
          "team2": {
            "key": "lask",
            "name": "LASK Linz",
            "code": "ASK"
          },
          "score1": 4,
          "score2": 0
        },
        {
          "date": "2015-11-20",
          "team1": {
            "key": "stpoelten",
            "name": "SKN St. Pölten",
            "code": "SKN"
          },
          "team2": {
            "key": "fac",
            "name": "Floridsdorfer AC",
            "code": "FAC"
          },
          "score1": 2,
          "score2": 0
        },
        {
          "date": "2015-11-20",
          "team1": {
            "key": "ksv",
            "name": "Kapfenberger SV",
            "code": "KSV"
          },
          "team2": {
            "key": "asalzburg",
            "name": "SV Austria Salzburg",
            "code": "AUS"
          },
          "score1": 2,
          "score2": 3
        },
        {
          "date": "2015-11-20",
          "team1": {
            "key": "alustenau",
            "name": "SC Austria Lustenau",
            "code": "ALU"
          },
          "team2": {
            "key": "aklagenfurt",
            "name": "SK Austria Klagenfurt",
            "code": "KLA"
          },
          "score1": 3,
          "score2": 0
        }
      ]
    },
    {
      "name": "19. Runde",
      "matches": [
        {
          "date": "2015-11-27",
          "team1": {
            "key": "lask",
            "name": "LASK Linz",
            "code": "ASK"
          },
          "team2": {
            "key": "fac",
            "name": "Floridsdorfer AC",
            "code": "FAC"
          },
          "score1": 4,
          "score2": 0
        },
        {
          "date": "2015-11-27",
          "team1": {
            "key": "stpoelten",
            "name": "SKN St. Pölten",
            "code": "SKN"
          },
          "team2": {
            "key": "asalzburg",
            "name": "SV Austria Salzburg",
            "code": "AUS"
          },
          "score1": 6,
          "score2": 2
        },
        {
          "date": "2015-11-27",
          "team1": {
            "key": "innsbruck",
            "name": "FC Wacker Innsbruck",
            "code": "FCW"
          },
          "team2": {
            "key": "ksv",
            "name": "Kapfenberger SV",
            "code": "KSV"
          },
          "score1": 2,
          "score2": 2
        },
        {
          "date": "2015-11-27",
          "team1": {
            "key": "alustenau",
            "name": "SC Austria Lustenau",
            "code": "ALU"
          },
          "team2": {
            "key": "wrneustadt",
            "name": "SC Wiener Neustadt",
            "code": "WRN"
          },
          "score1": 1,
          "score2": 1
        },
        {
          "date": "2015-11-27",
          "team1": {
            "key": "aklagenfurt",
            "name": "SK Austria Klagenfurt",
            "code": "KLA"
          },
          "team2": {
            "key": "liefering",
            "name": "FC Liefering",
            "code": "FCL"
          },
          "score1": 0,
          "score2": 0
        }
      ]
    },
    {
      "name": "20. Runde",
      "matches": [
        {
          "date": "2016-02-26",
          "team1": {
            "key": "wrneustadt",
            "name": "SC Wiener Neustadt",
            "code": "WRN"
          },
          "team2": {
            "key": "lask",
            "name": "LASK Linz",
            "code": "ASK"
          },
          "score1": 2,
          "score2": 1
        },
        {
          "date": "2016-02-26",
          "team1": {
            "key": "liefering",
            "name": "FC Liefering",
            "code": "FCL"
          },
          "team2": {
            "key": "stpoelten",
            "name": "SKN St. Pölten",
            "code": "SKN"
          },
          "score1": 1,
          "score2": 2
        },
        {
          "date": "2016-02-26",
          "team1": {
            "key": "ksv",
            "name": "Kapfenberger SV",
            "code": "KSV"
          },
          "team2": {
            "key": "alustenau",
            "name": "SC Austria Lustenau",
            "code": "ALU"
          },
          "score1": 2,
          "score2": 4
        },
        {
          "date": "2016-02-26",
          "team1": {
            "key": "fac",
            "name": "Floridsdorfer AC",
            "code": "FAC"
          },
          "team2": {
            "key": "innsbruck",
            "name": "FC Wacker Innsbruck",
            "code": "FCW"
          },
          "score1": 0,
          "score2": 1
        },
        {
          "date": "2016-02-26",
          "team1": {
            "key": "asalzburg",
            "name": "SV Austria Salzburg",
            "code": "AUS"
          },
          "team2": {
            "key": "aklagenfurt",
            "name": "SK Austria Klagenfurt",
            "code": "KLA"
          },
          "score1": 1,
          "score2": 2
        }
      ]
    },
    {
      "name": "21. Runde",
      "matches": [
        {
          "date": "2016-03-04",
          "team1": {
            "key": "ksv",
            "name": "Kapfenberger SV",
            "code": "KSV"
          },
          "team2": {
            "key": "liefering",
            "name": "FC Liefering",
            "code": "FCL"
          },
          "score1": 2,
          "score2": 1
        },
        {
          "date": "2016-03-04",
          "team1": {
            "key": "innsbruck",
            "name": "FC Wacker Innsbruck",
            "code": "FCW"
          },
          "team2": {
            "key": "lask",
            "name": "LASK Linz",
            "code": "ASK"
          },
          "score1": 1,
          "score2": 1
        },
        {
          "date": "2016-03-04",
          "team1": {
            "key": "alustenau",
            "name": "SC Austria Lustenau",
            "code": "ALU"
          },
          "team2": {
            "key": "stpoelten",
            "name": "SKN St. Pölten",
            "code": "SKN"
          },
          "score1": 4,
          "score2": 2
        },
        {
          "date": "2016-03-04",
          "team1": {
            "key": "asalzburg",
            "name": "SV Austria Salzburg",
            "code": "AUS"
          },
          "team2": {
            "key": "wrneustadt",
            "name": "SC Wiener Neustadt",
            "code": "WRN"
          },
          "score1": 2,
          "score2": 2
        },
        {
          "date": "2016-03-04",
          "team1": {
            "key": "aklagenfurt",
            "name": "SK Austria Klagenfurt",
            "code": "KLA"
          },
          "team2": {
            "key": "fac",
            "name": "Floridsdorfer AC",
            "code": "FAC"
          },
          "score1": 1,
          "score2": 2
        }
      ]
    },
    {
      "name": "22. Runde",
      "matches": [
        {
          "date": "2016-03-11",
          "team1": {
            "key": "wrneustadt",
            "name": "SC Wiener Neustadt",
            "code": "WRN"
          },
          "team2": {
            "key": "ksv",
            "name": "Kapfenberger SV",
            "code": "KSV"
          },
          "score1": 1,
          "score2": 3
        },
        {
          "date": "2016-03-11",
          "team1": {
            "key": "liefering",
            "name": "FC Liefering",
            "code": "FCL"
          },
          "team2": {
            "key": "asalzburg",
            "name": "SV Austria Salzburg",
            "code": "AUS"
          },
          "score1": 4,
          "score2": 0
        },
        {
          "date": "2016-03-11",
          "team1": {
            "key": "lask",
            "name": "LASK Linz",
            "code": "ASK"
          },
          "team2": {
            "key": "aklagenfurt",
            "name": "SK Austria Klagenfurt",
            "code": "KLA"
          },
          "score1": 2,
          "score2": 1
        },
        {
          "date": "2016-03-11",
          "team1": {
            "key": "stpoelten",
            "name": "SKN St. Pölten",
            "code": "SKN"
          },
          "team2": {
            "key": "innsbruck",
            "name": "FC Wacker Innsbruck",
            "code": "FCW"
          },
          "score1": 1,
          "score2": 0
        },
        {
          "date": "2016-03-11",
          "team1": {
            "key": "fac",
            "name": "Floridsdorfer AC",
            "code": "FAC"
          },
          "team2": {
            "key": "alustenau",
            "name": "SC Austria Lustenau",
            "code": "ALU"
          },
          "score1": 1,
          "score2": 1
        }
      ]
    },
    {
      "name": "23. Runde",
      "matches": [
        {
          "date": "2016-03-15",
          "team1": {
            "key": "ksv",
            "name": "Kapfenberger SV",
            "code": "KSV"
          },
          "team2": {
            "key": "stpoelten",
            "name": "SKN St. Pölten",
            "code": "SKN"
          },
          "score1": 0,
          "score2": 2
        },
        {
          "date": "2016-03-15",
          "team1": {
            "key": "innsbruck",
            "name": "FC Wacker Innsbruck",
            "code": "FCW"
          },
          "team2": {
            "key": "liefering",
            "name": "FC Liefering",
            "code": "FCL"
          },
          "score1": 1,
          "score2": 2
        },
        {
          "date": "2016-03-15",
          "team1": {
            "key": "alustenau",
            "name": "SC Austria Lustenau",
            "code": "ALU"
          },
          "team2": {
            "key": "lask",
            "name": "LASK Linz",
            "code": "ASK"
          },
          "score1": 0,
          "score2": 2
        },
        {
          "date": "2016-03-15",
          "team1": {
            "key": "asalzburg",
            "name": "SV Austria Salzburg",
            "code": "AUS"
          },
          "team2": {
            "key": "fac",
            "name": "Floridsdorfer AC",
            "code": "FAC"
          },
          "score1": 0,
          "score2": 1
        },
        {
          "date": "2016-03-15",
          "team1": {
            "key": "aklagenfurt",
            "name": "SK Austria Klagenfurt",
            "code": "KLA"
          },
          "team2": {
            "key": "wrneustadt",
            "name": "SC Wiener Neustadt",
            "code": "WRN"
          },
          "score1": 0,
          "score2": 2
        }
      ]
    },
    {
      "name": "24. Runde",
      "matches": [
        {
          "date": "2016-03-18",
          "team1": {
            "key": "liefering",
            "name": "FC Liefering",
            "code": "FCL"
          },
          "team2": {
            "key": "wrneustadt",
            "name": "SC Wiener Neustadt",
            "code": "WRN"
          },
          "score1": 1,
          "score2": 1
        },
        {
          "date": "2016-03-18",
          "team1": {
            "key": "lask",
            "name": "LASK Linz",
            "code": "ASK"
          },
          "team2": {
            "key": "asalzburg",
            "name": "SV Austria Salzburg",
            "code": "AUS"
          },
          "score1": 2,
          "score2": 1
        },
        {
          "date": "2016-03-18",
          "team1": {
            "key": "stpoelten",
            "name": "SKN St. Pölten",
            "code": "SKN"
          },
          "team2": {
            "key": "aklagenfurt",
            "name": "SK Austria Klagenfurt",
            "code": "KLA"
          },
          "score1": 1,
          "score2": 0
        },
        {
          "date": "2016-03-18",
          "team1": {
            "key": "innsbruck",
            "name": "FC Wacker Innsbruck",
            "code": "FCW"
          },
          "team2": {
            "key": "alustenau",
            "name": "SC Austria Lustenau",
            "code": "ALU"
          },
          "score1": 1,
          "score2": 0
        },
        {
          "date": "2016-03-18",
          "team1": {
            "key": "fac",
            "name": "Floridsdorfer AC",
            "code": "FAC"
          },
          "team2": {
            "key": "ksv",
            "name": "Kapfenberger SV",
            "code": "KSV"
          },
          "score1": 0,
          "score2": 1
        }
      ]
    },
    {
      "name": "25. Runde",
      "matches": [
        {
          "date": "2016-04-01",
          "team1": {
            "key": "wrneustadt",
            "name": "SC Wiener Neustadt",
            "code": "WRN"
          },
          "team2": {
            "key": "fac",
            "name": "Floridsdorfer AC",
            "code": "FAC"
          },
          "score1": 1,
          "score2": 0
        },
        {
          "date": "2016-04-01",
          "team1": {
            "key": "lask",
            "name": "LASK Linz",
            "code": "ASK"
          },
          "team2": {
            "key": "stpoelten",
            "name": "SKN St. Pölten",
            "code": "SKN"
          },
          "score1": 2,
          "score2": 0
        },
        {
          "date": "2016-04-01",
          "team1": {
            "key": "alustenau",
            "name": "SC Austria Lustenau",
            "code": "ALU"
          },
          "team2": {
            "key": "liefering",
            "name": "FC Liefering",
            "code": "FCL"
          },
          "score1": 1,
          "score2": 1
        },
        {
          "date": "2016-04-01",
          "team1": {
            "key": "asalzburg",
            "name": "SV Austria Salzburg",
            "code": "AUS"
          },
          "team2": {
            "key": "innsbruck",
            "name": "FC Wacker Innsbruck",
            "code": "FCW"
          },
          "score1": 1,
          "score2": 0
        },
        {
          "date": "2016-04-01",
          "team1": {
            "key": "aklagenfurt",
            "name": "SK Austria Klagenfurt",
            "code": "KLA"
          },
          "team2": {
            "key": "ksv",
            "name": "Kapfenberger SV",
            "code": "KSV"
          },
          "score1": 1,
          "score2": 4
        }
      ]
    },
    {
      "name": "26. Runde",
      "matches": [
        {
          "date": "2016-04-08",
          "team1": {
            "key": "liefering",
            "name": "FC Liefering",
            "code": "FCL"
          },
          "team2": {
            "key": "fac",
            "name": "Floridsdorfer AC",
            "code": "FAC"
          },
          "score1": 3,
          "score2": 1
        },
        {
          "date": "2016-04-08",
          "team1": {
            "key": "ksv",
            "name": "Kapfenberger SV",
            "code": "KSV"
          },
          "team2": {
            "key": "lask",
            "name": "LASK Linz",
            "code": "ASK"
          },
          "score1": 1,
          "score2": 2
        },
        {
          "date": "2016-04-08",
          "team1": {
            "key": "stpoelten",
            "name": "SKN St. Pölten",
            "code": "SKN"
          },
          "team2": {
            "key": "wrneustadt",
            "name": "SC Wiener Neustadt",
            "code": "WRN"
          },
          "score1": 3,
          "score2": 2
        },
        {
          "date": "2016-04-08",
          "team1": {
            "key": "innsbruck",
            "name": "FC Wacker Innsbruck",
            "code": "FCW"
          },
          "team2": {
            "key": "aklagenfurt",
            "name": "SK Austria Klagenfurt",
            "code": "KLA"
          },
          "score1": 3,
          "score2": 1
        },
        {
          "date": "2016-04-08",
          "team1": {
            "key": "alustenau",
            "name": "SC Austria Lustenau",
            "code": "ALU"
          },
          "team2": {
            "key": "asalzburg",
            "name": "SV Austria Salzburg",
            "code": "AUS"
          },
          "score1": 4,
          "score2": 1
        }
      ]
    },
    {
      "name": "27. Runde",
      "matches": [
        {
          "date": "2016-04-12",
          "team1": {
            "key": "wrneustadt",
            "name": "SC Wiener Neustadt",
            "code": "WRN"
          },
          "team2": {
            "key": "innsbruck",
            "name": "FC Wacker Innsbruck",
            "code": "FCW"
          },
          "score1": 0,
          "score2": 2
        },
        {
          "date": "2016-04-12",
          "team1": {
            "key": "lask",
            "name": "LASK Linz",
            "code": "ASK"
          },
          "team2": {
            "key": "liefering",
            "name": "FC Liefering",
            "code": "FCL"
          },
          "score1": 1,
          "score2": 0
        },
        {
          "date": "2016-04-12",
          "team1": {
            "key": "fac",
            "name": "Floridsdorfer AC",
            "code": "FAC"
          },
          "team2": {
            "key": "stpoelten",
            "name": "SKN St. Pölten",
            "code": "SKN"
          },
          "score1": 0,
          "score2": 3
        },
        {
          "date": "2016-04-12",
          "team1": {
            "key": "asalzburg",
            "name": "SV Austria Salzburg",
            "code": "AUS"
          },
          "team2": {
            "key": "ksv",
            "name": "Kapfenberger SV",
            "code": "KSV"
          },
          "score1": 0,
          "score2": 4
        },
        {
          "date": "2016-04-12",
          "team1": {
            "key": "aklagenfurt",
            "name": "SK Austria Klagenfurt",
            "code": "KLA"
          },
          "team2": {
            "key": "alustenau",
            "name": "SC Austria Lustenau",
            "code": "ALU"
          },
          "score1": 0,
          "score2": 2
        }
      ]
    },
    {
      "name": "28. Runde",
      "matches": [
        {
          "date": "2016-04-15",
          "team1": {
            "key": "fac",
            "name": "Floridsdorfer AC",
            "code": "FAC"
          },
          "team2": {
            "key": "lask",
            "name": "LASK Linz",
            "code": "ASK"
          },
          "score1": 2,
          "score2": 2
        },
        {
          "date": "2016-04-15",
          "team1": {
            "key": "asalzburg",
            "name": "SV Austria Salzburg",
            "code": "AUS"
          },
          "team2": {
            "key": "stpoelten",
            "name": "SKN St. Pölten",
            "code": "SKN"
          },
          "score1": 0,
          "score2": 1
        },
        {
          "date": "2016-04-15",
          "team1": {
            "key": "ksv",
            "name": "Kapfenberger SV",
            "code": "KSV"
          },
          "team2": {
            "key": "innsbruck",
            "name": "FC Wacker Innsbruck",
            "code": "FCW"
          },
          "score1": 2,
          "score2": 2
        },
        {
          "date": "2016-04-15",
          "team1": {
            "key": "wrneustadt",
            "name": "SC Wiener Neustadt",
            "code": "WRN"
          },
          "team2": {
            "key": "alustenau",
            "name": "SC Austria Lustenau",
            "code": "ALU"
          },
          "score1": 1,
          "score2": 1
        },
        {
          "date": "2016-04-15",
          "team1": {
            "key": "liefering",
            "name": "FC Liefering",
            "code": "FCL"
          },
          "team2": {
            "key": "aklagenfurt",
            "name": "SK Austria Klagenfurt",
            "code": "KLA"
          },
          "score1": 3,
          "score2": 1
        }
      ]
    },
    {
      "name": "29. Runde",
      "matches": [
        {
          "date": "2016-04-22",
          "team1": {
            "key": "lask",
            "name": "LASK Linz",
            "code": "ASK"
          },
          "team2": {
            "key": "wrneustadt",
            "name": "SC Wiener Neustadt",
            "code": "WRN"
          },
          "score1": 2,
          "score2": 1
        },
        {
          "date": "2016-04-22",
          "team1": {
            "key": "stpoelten",
            "name": "SKN St. Pölten",
            "code": "SKN"
          },
          "team2": {
            "key": "liefering",
            "name": "FC Liefering",
            "code": "FCL"
          },
          "score1": 1,
          "score2": 2
        },
        {
          "date": "2016-04-22",
          "team1": {
            "key": "alustenau",
            "name": "SC Austria Lustenau",
            "code": "ALU"
          },
          "team2": {
            "key": "ksv",
            "name": "Kapfenberger SV",
            "code": "KSV"
          },
          "score1": 2,
          "score2": 2
        },
        {
          "date": "2016-04-22",
          "team1": {
            "key": "innsbruck",
            "name": "FC Wacker Innsbruck",
            "code": "FCW"
          },
          "team2": {
            "key": "fac",
            "name": "Floridsdorfer AC",
            "code": "FAC"
          },
          "score1": 3,
          "score2": 0
        },
        {
          "date": "2016-04-22",
          "team1": {
            "key": "aklagenfurt",
            "name": "SK Austria Klagenfurt",
            "code": "KLA"
          },
          "team2": {
            "key": "asalzburg",
            "name": "SV Austria Salzburg",
            "code": "AUS"
          },
          "score1": 0,
          "score2": 2
        }
      ]
    },
    {
      "name": "30. Runde",
      "matches": [
        {
          "date": "2016-04-26",
          "team1": {
            "key": "liefering",
            "name": "FC Liefering",
            "code": "FCL"
          },
          "team2": {
            "key": "ksv",
            "name": "Kapfenberger SV",
            "code": "KSV"
          },
          "score1": 1,
          "score2": 0
        },
        {
          "date": "2016-04-26",
          "team1": {
            "key": "lask",
            "name": "LASK Linz",
            "code": "ASK"
          },
          "team2": {
            "key": "innsbruck",
            "name": "FC Wacker Innsbruck",
            "code": "FCW"
          },
          "score1": 1,
          "score2": 0
        },
        {
          "date": "2016-04-26",
          "team1": {
            "key": "stpoelten",
            "name": "SKN St. Pölten",
            "code": "SKN"
          },
          "team2": {
            "key": "alustenau",
            "name": "SC Austria Lustenau",
            "code": "ALU"
          },
          "score1": 3,
          "score2": 0
        },
        {
          "date": "2016-04-26",
          "team1": {
            "key": "wrneustadt",
            "name": "SC Wiener Neustadt",
            "code": "WRN"
          },
          "team2": {
            "key": "asalzburg",
            "name": "SV Austria Salzburg",
            "code": "AUS"
          },
          "score1": 1,
          "score2": 2
        },
        {
          "date": "2016-04-26",
          "team1": {
            "key": "fac",
            "name": "Floridsdorfer AC",
            "code": "FAC"
          },
          "team2": {
            "key": "aklagenfurt",
            "name": "SK Austria Klagenfurt",
            "code": "KLA"
          },
          "score1": 0,
          "score2": 2
        }
      ]
    },
    {
      "name": "31. Runde",
      "matches": [
        {
          "date": "2016-04-29",
          "team1": {
            "key": "ksv",
            "name": "Kapfenberger SV",
            "code": "KSV"
          },
          "team2": {
            "key": "wrneustadt",
            "name": "SC Wiener Neustadt",
            "code": "WRN"
          },
          "score1": 4,
          "score2": 2
        },
        {
          "date": "2016-04-29",
          "team1": {
            "key": "asalzburg",
            "name": "SV Austria Salzburg",
            "code": "AUS"
          },
          "team2": {
            "key": "liefering",
            "name": "FC Liefering",
            "code": "FCL"
          },
          "score1": 0,
          "score2": 0
        },
        {
          "date": "2016-04-29",
          "team1": {
            "key": "aklagenfurt",
            "name": "SK Austria Klagenfurt",
            "code": "KLA"
          },
          "team2": {
            "key": "lask",
            "name": "LASK Linz",
            "code": "ASK"
          },
          "score1": 0,
          "score2": 5
        },
        {
          "date": "2016-04-29",
          "team1": {
            "key": "innsbruck",
            "name": "FC Wacker Innsbruck",
            "code": "FCW"
          },
          "team2": {
            "key": "stpoelten",
            "name": "SKN St. Pölten",
            "code": "SKN"
          },
          "score1": 0,
          "score2": 2
        },
        {
          "date": "2016-04-29",
          "team1": {
            "key": "alustenau",
            "name": "SC Austria Lustenau",
            "code": "ALU"
          },
          "team2": {
            "key": "fac",
            "name": "Floridsdorfer AC",
            "code": "FAC"
          },
          "score1": 1,
          "score2": 1
        }
      ]
    },
    {
      "name": "32. Runde",
      "matches": [
        {
          "date": "2016-05-06",
          "team1": {
            "key": "stpoelten",
            "name": "SKN St. Pölten",
            "code": "SKN"
          },
          "team2": {
            "key": "ksv",
            "name": "Kapfenberger SV",
            "code": "KSV"
          },
          "score1": 2,
          "score2": 1
        },
        {
          "date": "2016-05-06",
          "team1": {
            "key": "liefering",
            "name": "FC Liefering",
            "code": "FCL"
          },
          "team2": {
            "key": "innsbruck",
            "name": "FC Wacker Innsbruck",
            "code": "FCW"
          },
          "score1": 0,
          "score2": 1
        },
        {
          "date": "2016-05-06",
          "team1": {
            "key": "lask",
            "name": "LASK Linz",
            "code": "ASK"
          },
          "team2": {
            "key": "alustenau",
            "name": "SC Austria Lustenau",
            "code": "ALU"
          },
          "score1": 0,
          "score2": 2
        },
        {
          "date": "2016-05-06",
          "team1": {
            "key": "fac",
            "name": "Floridsdorfer AC",
            "code": "FAC"
          },
          "team2": {
            "key": "asalzburg",
            "name": "SV Austria Salzburg",
            "code": "AUS"
          },
          "score1": 2,
          "score2": 1
        },
        {
          "date": "2016-05-06",
          "team1": {
            "key": "wrneustadt",
            "name": "SC Wiener Neustadt",
            "code": "WRN"
          },
          "team2": {
            "key": "aklagenfurt",
            "name": "SK Austria Klagenfurt",
            "code": "KLA"
          },
          "score1": 0,
          "score2": 0
        }
      ]
    },
    {
      "name": "33. Runde",
      "matches": [
        {
          "date": "2016-05-10",
          "team1": {
            "key": "wrneustadt",
            "name": "SC Wiener Neustadt",
            "code": "WRN"
          },
          "team2": {
            "key": "liefering",
            "name": "FC Liefering",
            "code": "FCL"
          },
          "score1": 1,
          "score2": 0
        },
        {
          "date": "2016-05-10",
          "team1": {
            "key": "asalzburg",
            "name": "SV Austria Salzburg",
            "code": "AUS"
          },
          "team2": {
            "key": "lask",
            "name": "LASK Linz",
            "code": "ASK"
          },
          "score1": 1,
          "score2": 3
        },
        {
          "date": "2016-05-10",
          "team1": {
            "key": "aklagenfurt",
            "name": "SK Austria Klagenfurt",
            "code": "KLA"
          },
          "team2": {
            "key": "stpoelten",
            "name": "SKN St. Pölten",
            "code": "SKN"
          },
          "score1": 0,
          "score2": 2
        },
        {
          "date": "2016-05-10",
          "team1": {
            "key": "alustenau",
            "name": "SC Austria Lustenau",
            "code": "ALU"
          },
          "team2": {
            "key": "innsbruck",
            "name": "FC Wacker Innsbruck",
            "code": "FCW"
          },
          "score1": 3,
          "score2": 0
        },
        {
          "date": "2016-05-10",
          "team1": {
            "key": "ksv",
            "name": "Kapfenberger SV",
            "code": "KSV"
          },
          "team2": {
            "key": "fac",
            "name": "Floridsdorfer AC",
            "code": "FAC"
          },
          "score1": 4,
          "score2": 1
        }
      ]
    },
    {
      "name": "34. Runde",
      "matches": [
        {
          "date": "2016-05-13",
          "team1": {
            "key": "fac",
            "name": "Floridsdorfer AC",
            "code": "FAC"
          },
          "team2": {
            "key": "wrneustadt",
            "name": "SC Wiener Neustadt",
            "code": "WRN"
          },
          "score1": 0,
          "score2": 3
        },
        {
          "date": "2016-05-13",
          "team1": {
            "key": "stpoelten",
            "name": "SKN St. Pölten",
            "code": "SKN"
          },
          "team2": {
            "key": "lask",
            "name": "LASK Linz",
            "code": "ASK"
          },
          "score1": 3,
          "score2": 2
        },
        {
          "date": "2016-05-13",
          "team1": {
            "key": "liefering",
            "name": "FC Liefering",
            "code": "FCL"
          },
          "team2": {
            "key": "alustenau",
            "name": "SC Austria Lustenau",
            "code": "ALU"
          },
          "score1": 2,
          "score2": 2
        },
        {
          "date": "2016-05-13",
          "team1": {
            "key": "innsbruck",
            "name": "FC Wacker Innsbruck",
            "code": "FCW"
          },
          "team2": {
            "key": "asalzburg",
            "name": "SV Austria Salzburg",
            "code": "AUS"
          },
          "score1": 2,
          "score2": 2
        },
        {
          "date": "2016-05-13",
          "team1": {
            "key": "ksv",
            "name": "Kapfenberger SV",
            "code": "KSV"
          },
          "team2": {
            "key": "aklagenfurt",
            "name": "SK Austria Klagenfurt",
            "code": "KLA"
          },
          "score1": 2,
          "score2": 2
        }
      ]
    },
    {
      "name": "35. Runde",
      "matches": [
        {
          "date": "2016-05-20",
          "team1": {
            "key": "fac",
            "name": "Floridsdorfer AC",
            "code": "FAC"
          },
          "team2": {
            "key": "liefering",
            "name": "FC Liefering",
            "code": "FCL"
          },
          "score1": 0,
          "score2": 3
        },
        {
          "date": "2016-05-20",
          "team1": {
            "key": "lask",
            "name": "LASK Linz",
            "code": "ASK"
          },
          "team2": {
            "key": "ksv",
            "name": "Kapfenberger SV",
            "code": "KSV"
          },
          "score1": 1,
          "score2": 1
        },
        {
          "date": "2016-05-20",
          "team1": {
            "key": "wrneustadt",
            "name": "SC Wiener Neustadt",
            "code": "WRN"
          },
          "team2": {
            "key": "stpoelten",
            "name": "SKN St. Pölten",
            "code": "SKN"
          },
          "score1": 0,
          "score2": 3
        },
        {
          "date": "2016-05-20",
          "team1": {
            "key": "aklagenfurt",
            "name": "SK Austria Klagenfurt",
            "code": "KLA"
          },
          "team2": {
            "key": "innsbruck",
            "name": "FC Wacker Innsbruck",
            "code": "FCW"
          },
          "score1": 5,
          "score2": 2
        },
        {
          "date": "2016-05-20",
          "team1": {
            "key": "asalzburg",
            "name": "SV Austria Salzburg",
            "code": "AUS"
          },
          "team2": {
            "key": "alustenau",
            "name": "SC Austria Lustenau",
            "code": "ALU"
          },
          "score1": 1,
          "score2": 1
        }
      ]
    },
    {
      "name": "36. Runde",
      "matches": [
        {
          "date": "2016-05-25",
          "team1": {
            "key": "innsbruck",
            "name": "FC Wacker Innsbruck",
            "code": "FCW"
          },
          "team2": {
            "key": "wrneustadt",
            "name": "SC Wiener Neustadt",
            "code": "WRN"
          },
          "score1": 1,
          "score2": 2
        },
        {
          "date": "2016-05-25",
          "team1": {
            "key": "liefering",
            "name": "FC Liefering",
            "code": "FCL"
          },
          "team2": {
            "key": "lask",
            "name": "LASK Linz",
            "code": "ASK"
          },
          "score1": 1,
          "score2": 4
        },
        {
          "date": "2016-05-25",
          "team1": {
            "key": "stpoelten",
            "name": "SKN St. Pölten",
            "code": "SKN"
          },
          "team2": {
            "key": "fac",
            "name": "Floridsdorfer AC",
            "code": "FAC"
          },
          "score1": 3,
          "score2": 0
        },
        {
          "date": "2016-05-25",
          "team1": {
            "key": "ksv",
            "name": "Kapfenberger SV",
            "code": "KSV"
          },
          "team2": {
            "key": "asalzburg",
            "name": "SV Austria Salzburg",
            "code": "AUS"
          },
          "score1": 1,
          "score2": 1
        },
        {
          "date": "2016-05-25",
          "team1": {
            "key": "alustenau",
            "name": "SC Austria Lustenau",
            "code": "ALU"
          },
          "team2": {
            "key": "aklagenfurt",
            "name": "SK Austria Klagenfurt",
            "code": "KLA"
          },
          "score1": 2,
          "score2": 0
        }
      ]
    }
  ]
}