{
  "name": "Champions League (Europe) 2015/16",
  "groups": [
    {
      "name": "Group A",
      "teams": [
        {
          "key": "donezk",
          "name": "Shakhtar Donetsk",
          "code": null,
          "country": {
            "key": "ua",
            "name": "Ukraine"
          }
        },
        {
          "key": "malmoe",
          "name": "Malmö FF",
          "code": null,
          "country": {
            "key": "se",
            "name": "Sweden"
          }
        },
        {
          "key": "madrid",
          "name": "R. Madrid",
          "code": "RMD",
          "country": {
            "key": "es",
            "name": "Spain"
          }
        },
        {
          "key": "paris",
          "name": "Paris SG",
          "code": "PSG",
          "country": {
            "key": "fr",
            "name": "France"
          }
        }
      ]
    },
    {
      "name": "Group B",
      "teams": [
        {
          "key": "psv",
          "name": "PSV Eindhoven",
          "code": null,
          "country": {
            "key": "nl",
            "name": "Netherlands"
          }
        },
        {
          "key": "cskamoskva",
          "name": "CSKA Moskva",
          "code": null,
          "country": {
            "key": "ru",
            "name": "Russia"
          }
        },
        {
          "key": "wolfsburg",
          "name": "VfL Wolfsburg",
          "code": "WOB",
          "country": {
            "key": "de",
            "name": "Germany"
          }
        },
        {
          "key": "manutd",
          "name": "Manchester United",
          "code": "MUN",
          "country": {
            "key": "eng",
            "name": "England"
          }
        }
      ]
    },
    {
      "name": "Group C",
      "teams": [
        {
          "key": "astana",
          "name": "Astana",
          "code": null,
          "country": {
            "key": "kz",
            "name": "Kazakhstan"
          }
        },
        {
          "key": "benfica",
          "name": "Benfica",
          "code": null,
          "country": {
            "key": "pt",
            "name": "Portugal"
          }
        },
        {
          "key": "galatasaray",
          "name": "Galatasaray",
          "code": null,
          "country": {
            "key": "tr",
            "name": "Turkey"
          }
        },
        {
          "key": "atletico",
          "name": "Atlético",
          "code": "ATL",
          "country": {
            "key": "es",
            "name": "Spain"
          }
        }
      ]
    },
    {
      "name": "Group D",
      "teams": [
        {
          "key": "mgladbach",
          "name": "Borussia M'gladbach",
          "code": "BMG",
          "country": {
            "key": "de",
            "name": "Germany"
          }
        },
        {
          "key": "mancity",
          "name": "Manchester City",
          "code": "MCI",
          "country": {
            "key": "eng",
            "name": "England"
          }
        },
        {
          "key": "sevilla",
          "name": "Sevilla",
          "code": "SEV",
          "country": {
            "key": "es",
            "name": "Spain"
          }
        },
        {
          "key": "juventus",
          "name": "Juventus",
          "code": "JUV",
          "country": {
            "key": "it",
            "name": "Italy"
          }
        }
      ]
    },
    {
      "name": "Group E",
      "teams": [
        {
          "key": "borissow",
          "name": "BATE Borissow",
          "code": null,
          "country": {
            "key": "by",
            "name": "Belarus"
          }
        },
        {
          "key": "leverkusen",
          "name": "Bayer 04 Leverkusen",
          "code": "B04",
          "country": {
            "key": "de",
            "name": "Germany"
          }
        },
        {
          "key": "barcelona",
          "name": "Barcelona",
          "code": "BAR",
          "country": {
            "key": "es",
            "name": "Spain"
          }
        },
        {
          "key": "roma",
          "name": "Roma",
          "code": "ROM",
          "country": {
            "key": "it",
            "name": "Italy"
          }
        }
      ]
    },
    {
      "name": "Group F",
      "teams": [
        {
          "key": "arsenaltula",
          "name": "Arsenal",
          "code": null,
          "country": {
            "key": "ru",
            "name": "Russia"
          }
        },
        {
          "key": "zagreb",
          "name": "Dinamo Zagreb",
          "code": null,
          "country": {
            "key": "hr",
            "name": "Croatia"
          }
        },
        {
          "key": "olympiacos",
          "name": "Olympiakos Piräus",
          "code": null,
          "country": {
            "key": "gr",
            "name": "Greece"
          }
        },
        {
          "key": "bayern",
          "name": "FC Bayern München",
          "code": "FCB",
          "country": {
            "key": "de",
            "name": "Germany"
          }
        }
      ]
    },
    {
      "name": "Group G",
      "teams": [
        {
          "key": "porto",
          "name": "Porto",
          "code": null,
          "country": {
            "key": "pt",
            "name": "Portugal"
          }
        },
        {
          "key": "kiew",
          "name": "Dynamo Kiew",
          "code": null,
          "country": {
            "key": "ua",
            "name": "Ukraine"
          }
        },
        {
          "key": "maccabitelaviv",
          "name": "Maccabi Tel-Aviv FC",
          "code": null,
          "country": {
            "key": "il",
            "name": "Israel"
          }
        },
        {
          "key": "chelsea",
          "name": "Chelsea",
          "code": "CHE",
          "country": {
            "key": "eng",
            "name": "England"
          }
        }
      ]
    },
    {
      "name": "Group H",
      "teams": [
        {
          "key": "valenciafc",
          "name": "Valencia",
          "code": null,
          "country": {
            "key": "ht",
            "name": "Haiti"
          }
        },
        {
          "key": "gent",
          "name": "Gent",
          "code": null,
          "country": {
            "key": "be",
            "name": "Belgium"
          }
        },
        {
          "key": "zenit",
          "name": "Zenit",
          "code": null,
          "country": {
            "key": "ru",
            "name": "Russia"
          }
        },
        {
          "key": "lyon",
          "name": "Lyon",
          "code": "OL",
          "country": {
            "key": "fr",
            "name": "France"
          }
        }
      ]
    }
  ]
}