{
  "name": "Deutsche 2. Bundesliga 2015/16",
  "clubs": [
    {
      "key": "paderborn",
      "name": "SC Paderborn 07",
      "code": "SCP"
    },
    {
      "key": "freiburg",
      "name": "SC Freiburg",
      "code": "SCF"
    },
    {
      "key": "braunschweig",
      "name": "Eintr. Braunschweig",
      "code": "EBS"
    },
    {
      "key": "nuernberg",
      "name": "1. FC Nürnberg",
      "code": "FCN"
    },
    {
      "key": "duesseldorf",
      "name": "Fortuna Düsseldorf",
      "code": "F95"
    },
    {
      "key": "fuerth",
      "name": "Greuther Fürth",
      "code": "SGF"
    },
    {
      "key": "klautern",
      "name": "1. FC Kaiserslautern",
      "code": "FCK"
    },
    {
      "key": "fsvfrankfurt",
      "name": "FSV Frankfurt",
      "code": "FSV"
    },
    {
      "key": "tsvmuenchen",
      "name": "1860 München",
      "code": "M60"
    },
    {
      "key": "unionberlin",
      "name": "Union Berlin",
      "code": "FCU"
    },
    {
      "key": "bochum",
      "name": "VfL Bochum",
      "code": "BOC"
    },
    {
      "key": "stpauli",
      "name": "FC St. Pauli",
      "code": "STP"
    },
    {
      "key": "sandhausen",
      "name": "SV Sandhausen",
      "code": "SAN"
    },
    {
      "key": "karlsruhe",
      "name": "Karlsruhe",
      "code": "KSC"
    },
    {
      "key": "heidenheim",
      "name": "1. FC Heidenheim",
      "code": "HDH"
    },
    {
      "key": "leipzig",
      "name": "RB Leipzig",
      "code": "RBL"
    },
    {
      "key": "duisburg",
      "name": "MSV Duisburg",
      "code": "MSV"
    },
    {
      "key": "bielefeld",
      "name": "Bielefeld",
      "code": "DSC"
    }
  ]
}