{
  "name": "Österr. Bundesliga 2011/12",
  "clubs": [
    {
      "key": "austria",
      "name": "FK Austria Wien",
      "code": "AUS"
    },
    {
      "key": "rapid",
      "name": "SK Rapid Wien",
      "code": "RAP"
    },
    {
      "key": "admira",
      "name": "FC Admira Wacker",
      "code": "ADM"
    },
    {
      "key": "mattersburg",
      "name": "SV Mattersburg",
      "code": "MAT"
    },
    {
      "key": "salzburg",
      "name": "FC RB Salzburg",
      "code": "RBS"
    },
    {
      "key": "sturm",
      "name": "SK Sturm Graz",
      "code": "STU"
    },
    {
      "key": "ried",
      "name": "SV Ried",
      "code": "RIE"
    },
    {
      "key": "wrneustadt",
      "name": "SC Wiener Neustadt",
      "code": "WRN"
    },
    {
      "key": "innsbruck",
      "name": "FC Wacker Innsbruck",
      "code": "FCW"
    },
    {
      "key": "ksv",
      "name": "Kapfenberger SV",
      "code": "KSV"
    }
  ]
}