{
  "name": "Österr. Bundesliga 2011/12",
  "rounds": [
    {
      "name": "29. Runde",
      "matches": [
        {
          "date": "2012-04-07",
          "team1": {
            "key": "salzburg",
            "name": "FC RB Salzburg",
            "code": "RBS"
          },
          "team2": {
            "key": "innsbruck",
            "name": "FC Wacker Innsbruck",
            "code": "FCW"
          },
          "score1": 2,
          "score2": 0
        },
        {
          "date": "2012-04-07",
          "team1": {
            "key": "ried",
            "name": "SV Ried",
            "code": "RIE"
          },
          "team2": {
            "key": "austria",
            "name": "FK Austria Wien",
            "code": "AUS"
          },
          "score1": 0,
          "score2": 1
        },
        {
          "date": "2012-04-07",
          "team1": {
            "key": "ksv",
            "name": "Kapfenberger SV",
            "code": "KSV"
          },
          "team2": {
            "key": "admira",
            "name": "FC Admira Wacker",
            "code": "ADM"
          },
          "score1": 2,
          "score2": 3
        },
        {
          "date": "2012-04-07",
          "team1": {
            "key": "rapid",
            "name": "SK Rapid Wien",
            "code": "RAP"
          },
          "team2": {
            "key": "wrneustadt",
            "name": "SC Wiener Neustadt",
            "code": "WRN"
          },
          "score1": 2,
          "score2": 1
        },
        {
          "date": "2012-04-08",
          "team1": {
            "key": "mattersburg",
            "name": "SV Mattersburg",
            "code": "MAT"
          },
          "team2": {
            "key": "sturm",
            "name": "SK Sturm Graz",
            "code": "STU"
          },
          "score1": 0,
          "score2": 2
        }
      ]
    },
    {
      "name": "30. Runde",
      "matches": [
        {
          "date": "2012-04-14",
          "team1": {
            "key": "wrneustadt",
            "name": "SC Wiener Neustadt",
            "code": "WRN"
          },
          "team2": {
            "key": "ksv",
            "name": "Kapfenberger SV",
            "code": "KSV"
          },
          "score1": 0,
          "score2": 0
        },
        {
          "date": "2012-04-14",
          "team1": {
            "key": "admira",
            "name": "FC Admira Wacker",
            "code": "ADM"
          },
          "team2": {
            "key": "innsbruck",
            "name": "FC Wacker Innsbruck",
            "code": "FCW"
          },
          "score1": 1,
          "score2": 1
        },
        {
          "date": "2012-04-14",
          "team1": {
            "key": "sturm",
            "name": "SK Sturm Graz",
            "code": "STU"
          },
          "team2": {
            "key": "salzburg",
            "name": "FC RB Salzburg",
            "code": "RBS"
          },
          "score1": 2,
          "score2": 2
        },
        {
          "date": "2012-04-14",
          "team1": {
            "key": "ried",
            "name": "SV Ried",
            "code": "RIE"
          },
          "team2": {
            "key": "mattersburg",
            "name": "SV Mattersburg",
            "code": "MAT"
          },
          "score1": 2,
          "score2": 0
        },
        {
          "date": "2012-04-15",
          "team1": {
            "key": "austria",
            "name": "FK Austria Wien",
            "code": "AUS"
          },
          "team2": {
            "key": "rapid",
            "name": "SK Rapid Wien",
            "code": "RAP"
          },
          "score1": 0,
          "score2": 0
        }
      ]
    },
    {
      "name": "31. Runde",
      "matches": [
        {
          "date": "2012-04-21",
          "team1": {
            "key": "innsbruck",
            "name": "FC Wacker Innsbruck",
            "code": "FCW"
          },
          "team2": {
            "key": "wrneustadt",
            "name": "SC Wiener Neustadt",
            "code": "WRN"
          },
          "score1": 2,
          "score2": 0
        },
        {
          "date": "2012-04-21",
          "team1": {
            "key": "ksv",
            "name": "Kapfenberger SV",
            "code": "KSV"
          },
          "team2": {
            "key": "austria",
            "name": "FK Austria Wien",
            "code": "AUS"
          },
          "score1": 1,
          "score2": 0
        },
        {
          "date": "2012-04-21",
          "team1": {
            "key": "mattersburg",
            "name": "SV Mattersburg",
            "code": "MAT"
          },
          "team2": {
            "key": "admira",
            "name": "FC Admira Wacker",
            "code": "ADM"
          },
          "score1": 1,
          "score2": 2
        },
        {
          "date": "2012-04-21",
          "team1": {
            "key": "salzburg",
            "name": "FC RB Salzburg",
            "code": "RBS"
          },
          "team2": {
            "key": "ried",
            "name": "SV Ried",
            "code": "RIE"
          },
          "score1": 2,
          "score2": 0
        },
        {
          "date": "2012-04-22",
          "team1": {
            "key": "rapid",
            "name": "SK Rapid Wien",
            "code": "RAP"
          },
          "team2": {
            "key": "sturm",
            "name": "SK Sturm Graz",
            "code": "STU"
          },
          "score1": 1,
          "score2": 1
        }
      ]
    },
    {
      "name": "32. Runde",
      "matches": [
        {
          "date": "2012-04-28",
          "team1": {
            "key": "austria",
            "name": "FK Austria Wien",
            "code": "AUS"
          },
          "team2": {
            "key": "innsbruck",
            "name": "FC Wacker Innsbruck",
            "code": "FCW"
          },
          "score1": 3,
          "score2": 0
        },
        {
          "date": "2012-04-28",
          "team1": {
            "key": "wrneustadt",
            "name": "SC Wiener Neustadt",
            "code": "WRN"
          },
          "team2": {
            "key": "admira",
            "name": "FC Admira Wacker",
            "code": "ADM"
          },
          "score1": 1,
          "score2": 4
        },
        {
          "date": "2012-04-28",
          "team1": {
            "key": "mattersburg",
            "name": "SV Mattersburg",
            "code": "MAT"
          },
          "team2": {
            "key": "salzburg",
            "name": "FC RB Salzburg",
            "code": "RBS"
          },
          "score1": 0,
          "score2": 1
        },
        {
          "date": "2012-04-28",
          "team1": {
            "key": "sturm",
            "name": "SK Sturm Graz",
            "code": "STU"
          },
          "team2": {
            "key": "ksv",
            "name": "Kapfenberger SV",
            "code": "KSV"
          },
          "score1": 2,
          "score2": 1
        },
        {
          "date": "2012-04-29",
          "team1": {
            "key": "ried",
            "name": "SV Ried",
            "code": "RIE"
          },
          "team2": {
            "key": "rapid",
            "name": "SK Rapid Wien",
            "code": "RAP"
          },
          "score1": 2,
          "score2": 3
        }
      ]
    },
    {
      "name": "33. Runde",
      "matches": [
        {
          "date": "2012-05-05",
          "team1": {
            "key": "wrneustadt",
            "name": "SC Wiener Neustadt",
            "code": "WRN"
          },
          "team2": {
            "key": "sturm",
            "name": "SK Sturm Graz",
            "code": "STU"
          },
          "score1": 0,
          "score2": 0
        },
        {
          "date": "2012-05-05",
          "team1": {
            "key": "admira",
            "name": "FC Admira Wacker",
            "code": "ADM"
          },
          "team2": {
            "key": "austria",
            "name": "FK Austria Wien",
            "code": "AUS"
          },
          "score1": 3,
          "score2": 2
        },
        {
          "date": "2012-05-05",
          "team1": {
            "key": "ksv",
            "name": "Kapfenberger SV",
            "code": "KSV"
          },
          "team2": {
            "key": "ried",
            "name": "SV Ried",
            "code": "RIE"
          },
          "score1": 0,
          "score2": 0
        },
        {
          "date": "2012-05-05",
          "team1": {
            "key": "innsbruck",
            "name": "FC Wacker Innsbruck",
            "code": "FCW"
          },
          "team2": {
            "key": "mattersburg",
            "name": "SV Mattersburg",
            "code": "MAT"
          },
          "score1": 3,
          "score2": 6
        },
        {
          "date": "2012-05-06",
          "team1": {
            "key": "rapid",
            "name": "SK Rapid Wien",
            "code": "RAP"
          },
          "team2": {
            "key": "salzburg",
            "name": "FC RB Salzburg",
            "code": "RBS"
          },
          "score1": 0,
          "score2": 1
        }
      ]
    },
    {
      "name": "34. Runde",
      "matches": [
        {
          "date": "2012-05-10",
          "team1": {
            "key": "salzburg",
            "name": "FC RB Salzburg",
            "code": "RBS"
          },
          "team2": {
            "key": "ksv",
            "name": "Kapfenberger SV",
            "code": "KSV"
          },
          "score1": 2,
          "score2": 0
        },
        {
          "date": "2012-05-10",
          "team1": {
            "key": "austria",
            "name": "FK Austria Wien",
            "code": "AUS"
          },
          "team2": {
            "key": "wrneustadt",
            "name": "SC Wiener Neustadt",
            "code": "WRN"
          },
          "score1": 3,
          "score2": 1
        },
        {
          "date": "2012-05-10",
          "team1": {
            "key": "ried",
            "name": "SV Ried",
            "code": "RIE"
          },
          "team2": {
            "key": "innsbruck",
            "name": "FC Wacker Innsbruck",
            "code": "FCW"
          },
          "score1": 1,
          "score2": 1
        },
        {
          "date": "2012-05-10",
          "team1": {
            "key": "mattersburg",
            "name": "SV Mattersburg",
            "code": "MAT"
          },
          "team2": {
            "key": "rapid",
            "name": "SK Rapid Wien",
            "code": "RAP"
          },
          "score1": 0,
          "score2": 1
        },
        {
          "date": "2012-05-10",
          "team1": {
            "key": "sturm",
            "name": "SK Sturm Graz",
            "code": "STU"
          },
          "team2": {
            "key": "admira",
            "name": "FC Admira Wacker",
            "code": "ADM"
          },
          "score1": 0,
          "score2": 3
        }
      ]
    },
    {
      "name": "35. Runde",
      "matches": [
        {
          "date": "2012-05-13",
          "team1": {
            "key": "ksv",
            "name": "Kapfenberger SV",
            "code": "KSV"
          },
          "team2": {
            "key": "rapid",
            "name": "SK Rapid Wien",
            "code": "RAP"
          },
          "score1": 0,
          "score2": 2
        },
        {
          "date": "2012-05-13",
          "team1": {
            "key": "innsbruck",
            "name": "FC Wacker Innsbruck",
            "code": "FCW"
          },
          "team2": {
            "key": "sturm",
            "name": "SK Sturm Graz",
            "code": "STU"
          },
          "score1": 1,
          "score2": 1
        },
        {
          "date": "2012-05-13",
          "team1": {
            "key": "wrneustadt",
            "name": "SC Wiener Neustadt",
            "code": "WRN"
          },
          "team2": {
            "key": "salzburg",
            "name": "FC RB Salzburg",
            "code": "RBS"
          },
          "score1": 1,
          "score2": 5
        },
        {
          "date": "2012-05-13",
          "team1": {
            "key": "admira",
            "name": "FC Admira Wacker",
            "code": "ADM"
          },
          "team2": {
            "key": "ried",
            "name": "SV Ried",
            "code": "RIE"
          },
          "score1": 1,
          "score2": 1
        },
        {
          "date": "2012-05-13",
          "team1": {
            "key": "austria",
            "name": "FK Austria Wien",
            "code": "AUS"
          },
          "team2": {
            "key": "mattersburg",
            "name": "SV Mattersburg",
            "code": "MAT"
          },
          "score1": 1,
          "score2": 0
        }
      ]
    },
    {
      "name": "36. Runde",
      "matches": [
        {
          "date": "2012-05-17",
          "team1": {
            "key": "rapid",
            "name": "SK Rapid Wien",
            "code": "RAP"
          },
          "team2": {
            "key": "innsbruck",
            "name": "FC Wacker Innsbruck",
            "code": "FCW"
          },
          "score1": 2,
          "score2": 0
        },
        {
          "date": "2012-05-17",
          "team1": {
            "key": "ried",
            "name": "SV Ried",
            "code": "RIE"
          },
          "team2": {
            "key": "wrneustadt",
            "name": "SC Wiener Neustadt",
            "code": "WRN"
          },
          "score1": 2,
          "score2": 2
        },
        {
          "date": "2012-05-17",
          "team1": {
            "key": "mattersburg",
            "name": "SV Mattersburg",
            "code": "MAT"
          },
          "team2": {
            "key": "ksv",
            "name": "Kapfenberger SV",
            "code": "KSV"
          },
          "score1": 2,
          "score2": 0
        },
        {
          "date": "2012-05-17",
          "team1": {
            "key": "sturm",
            "name": "SK Sturm Graz",
            "code": "STU"
          },
          "team2": {
            "key": "austria",
            "name": "FK Austria Wien",
            "code": "AUS"
          },
          "score1": 3,
          "score2": 1
        },
        {
          "date": "2012-05-17",
          "team1": {
            "key": "salzburg",
            "name": "FC RB Salzburg",
            "code": "RBS"
          },
          "team2": {
            "key": "admira",
            "name": "FC Admira Wacker",
            "code": "ADM"
          },
          "score1": 2,
          "score2": 0
        }
      ]
    }
  ]
}